SET NAMES utf8mb4;
SET FOREIGN_KEY_CHECKS = 0;

-- ----------------------------
-- Table structure for airplane
-- ----------------------------
DROP TABLE IF EXISTS `airplane`;
CREATE TABLE `airplane` (
  `airplane_id` int NOT NULL AUTO_INCREMENT COMMENT 'Identificador de la tabla',
  `name` varchar(255) NOT NULL COMMENT 'Nombre del avión',
  PRIMARY KEY (`airplane_id`)
) ENGINE=InnoDB AUTO_INCREMENT=4 DEFAULT CHARSET=utf8mb4 COLLATE=utf8mb4_general_ci;

-- ----------------------------
-- Records of airplane
-- ----------------------------
BEGIN;
INSERT INTO `airplane` (`airplane_id`, `name`) VALUES (1, 'AirNova-660');
INSERT INTO `airplane` (`airplane_id`, `name`) VALUES (2, 'AirMax-720neo');
COMMIT;

-- ----------------------------
-- Table structure for boarding_pass
-- ----------------------------
DROP TABLE IF EXISTS `boarding_pass`;
CREATE TABLE `boarding_pass` (
  `boarding_pass_id` int NOT NULL AUTO_INCREMENT COMMENT 'Identificador de la tabla',
  `purchase_id` int NOT NULL COMMENT 'Id de la compra',
  `passenger_id` int NOT NULL COMMENT 'Id del pasajero',
  `seat_type_id` int NOT NULL COMMENT 'Id del tipo de asiento',
  `seat_id` int DEFAULT NULL COMMENT 'Id del asiento',
  `flight_id` int NOT NULL COMMENT 'Id del vuelo',
  PRIMARY KEY (`boarding_pass_id`),
  KEY `purchase_id_bp` (`purchase_id`),
  KEY `passenger_id_bp` (`passenger_id`),
  KEY `seat_type_id_bp` (`seat_type_id`),
  KEY `flight_id_bp` (`flight_id`),
  KEY `seat_id_bp` (`seat_id`),
  CONSTRAINT `flight_id_bp` FOREIGN KEY (`flight_id`) REFERENCES `flight` (`flight_id`) ON DELETE CASCADE ON UPDATE RESTRICT,
  CONSTRAINT `passenger_id_bp` FOREIGN KEY (`passenger_id`) REFERENCES `passenger` (`passenger_id`) ON DELETE CASCADE,
  CONSTRAINT `purchase_id_bp` FOREIGN KEY (`purchase_id`) REFERENCES `purchase` (`purchase_id`) ON DELETE CASCADE,
  CONSTRAINT `seat_id_bp` FOREIGN KEY (`seat_id`) REFERENCES `seat` (`seat_id`) ON DELETE CASCADE ON UPDATE RESTRICT,
  CONSTRAINT `seat_type_id_bp` FOREIGN KEY (`seat_type_id`) REFERENCES `seat_type` (`seat_type_id`) ON DELETE CASCADE
) ENGINE=InnoDB AUTO_INCREMENT=611 DEFAULT CHARSET=utf8mb4 COLLATE=utf8mb4_general_ci;

-- ----------------------------
-- Records of boarding_pass
-- ----------------------------
BEGIN;
INSERT INTO `boarding_pass` (`boarding_pass_id`, `purchase_id`, `passenger_id`, `seat_type_id`, `seat_id`, `flight_id`) VALUES (1, 69, 515, 2, NULL, 1);
INSERT INTO `boarding_pass` (`boarding_pass_id`, `purchase_id`, `passenger_id`, `seat_type_id`, `seat_id`, `flight_id`) VALUES (2, 78, 423, 3, NULL, 2);
INSERT INTO `boarding_pass` (`boarding_pass_id`, `purchase_id`, `passenger_id`, `seat_type_id`, `seat_id`, `flight_id`) VALUES (3, 85, 207, 3, NULL, 3);
INSERT INTO `boarding_pass` (`boarding_pass_id`, `purchase_id`, `passenger_id`, `seat_type_id`, `seat_id`, `flight_id`) VALUES (4, 174, 495, 3, NULL, 4);
INSERT INTO `boarding_pass` (`boarding_pass_id`, `purchase_id`, `passenger_id`, `seat_type_id`, `seat_id`, `flight_id`) VALUES (5, 94, 117, 2, NULL, 4);
INSERT INTO `boarding_pass` (`boarding_pass_id`, `purchase_id`, `passenger_id`, `seat_type_id`, `seat_id`, `flight_id`) VALUES (6, 20, 282, 2, NULL, 3);
INSERT INTO `boarding_pass` (`boarding_pass_id`, `purchase_id`, `passenger_id`, `seat_type_id`, `seat_id`, `flight_id`) VALUES (7, 141, 144, 1, 105, 1);
INSERT INTO `boarding_pass` (`boarding_pass_id`, `purchase_id`, `passenger_id`, `seat_type_id`, `seat_id`, `flight_id`) VALUES (8, 101, 136, 3, NULL, 3);
INSERT INTO `boarding_pass` (`boarding_pass_id`, `purchase_id`, `passenger_id`, `seat_type_id`, `seat_id`, `flight_id`) VALUES (9, 108, 207, 2, NULL, 1);
INSERT INTO `boarding_pass` (`boarding_pass_id`, `purchase_id`, `passenger_id`, `seat_type_id`, `seat_id`, `flight_id`) VALUES (10, 34, 66, 3, NULL, 1);
INSERT INTO `boarding_pass` (`boarding_pass_id`, `purchase_id`, `passenger_id`, `seat_type_id`, `seat_id`, `flight_id`) VALUES (11, 142, 301, 2, NULL, 3);
INSERT INTO `boarding_pass` (`boarding_pass_id`, `purchase_id`, `passenger_id`, `seat_type_id`, `seat_id`, `flight_id`) VALUES (12, 72, 325, 3, NULL, 2);
INSERT INTO `boarding_pass` (`boarding_pass_id`, `purchase_id`, `passenger_id`, `seat_type_id`, `seat_id`, `flight_id`) VALUES (13, 185, 437, 3, NULL, 2);
INSERT INTO `boarding_pass` (`boarding_pass_id`, `purchase_id`, `passenger_id`, `seat_type_id`, `seat_id`, `flight_id`) VALUES (14, 33, 529, 1, 4, 4);
INSERT INTO `boarding_pass` (`boarding_pass_id`, `purchase_id`, `passenger_id`, `seat_type_id`, `seat_id`, `flight_id`) VALUES (15, 52, 253, 2, NULL, 4);
INSERT INTO `boarding_pass` (`boarding_pass_id`, `purchase_id`, `passenger_id`, `seat_type_id`, `seat_id`, `flight_id`) VALUES (16, 72, 25, 3, NULL, 2);
INSERT INTO `boarding_pass` (`boarding_pass_id`, `purchase_id`, `passenger_id`, `seat_type_id`, `seat_id`, `flight_id`) VALUES (17, 128, 268, 3, NULL, 4);
INSERT INTO `boarding_pass` (`boarding_pass_id`, `purchase_id`, `passenger_id`, `seat_type_id`, `seat_id`, `flight_id`) VALUES (18, 92, 172, 3, NULL, 3);
INSERT INTO `boarding_pass` (`boarding_pass_id`, `purchase_id`, `passenger_id`, `seat_type_id`, `seat_id`, `flight_id`) VALUES (19, 59, 48, 3, NULL, 2);
INSERT INTO `boarding_pass` (`boarding_pass_id`, `purchase_id`, `passenger_id`, `seat_type_id`, `seat_id`, `flight_id`) VALUES (20, 114, 527, 2, NULL, 4);
INSERT INTO `boarding_pass` (`boarding_pass_id`, `purchase_id`, `passenger_id`, `seat_type_id`, `seat_id`, `flight_id`) VALUES (21, 140, 51, 3, NULL, 2);
INSERT INTO `boarding_pass` (`boarding_pass_id`, `purchase_id`, `passenger_id`, `seat_type_id`, `seat_id`, `flight_id`) VALUES (22, 81, 30, 2, NULL, 2);
INSERT INTO `boarding_pass` (`boarding_pass_id`, `purchase_id`, `passenger_id`, `seat_type_id`, `seat_id`, `flight_id`) VALUES (23, 77, 137, 3, NULL, 1);
INSERT INTO `boarding_pass` (`boarding_pass_id`, `purchase_id`, `passenger_id`, `seat_type_id`, `seat_id`, `flight_id`) VALUES (24, 47, 90, 1, 1, 1);
INSERT INTO `boarding_pass` (`boarding_pass_id`, `purchase_id`, `passenger_id`, `seat_type_id`, `seat_id`, `flight_id`) VALUES (25, 110, 367, 3, NULL, 3);
INSERT INTO `boarding_pass` (`boarding_pass_id`, `purchase_id`, `passenger_id`, `seat_type_id`, `seat_id`, `flight_id`) VALUES (26, 56, 326, 2, NULL, 3);
INSERT INTO `boarding_pass` (`boarding_pass_id`, `purchase_id`, `passenger_id`, `seat_type_id`, `seat_id`, `flight_id`) VALUES (27, 182, 506, 1, 135, 1);
INSERT INTO `boarding_pass` (`boarding_pass_id`, `purchase_id`, `passenger_id`, `seat_type_id`, `seat_id`, `flight_id`) VALUES (28, 175, 322, 2, NULL, 2);
INSERT INTO `boarding_pass` (`boarding_pass_id`, `purchase_id`, `passenger_id`, `seat_type_id`, `seat_id`, `flight_id`) VALUES (29, 26, 153, 3, NULL, 2);
INSERT INTO `boarding_pass` (`boarding_pass_id`, `purchase_id`, `passenger_id`, `seat_type_id`, `seat_id`, `flight_id`) VALUES (30, 17, 343, 2, NULL, 4);
INSERT INTO `boarding_pass` (`boarding_pass_id`, `purchase_id`, `passenger_id`, `seat_type_id`, `seat_id`, `flight_id`) VALUES (31, 101, 496, 3, NULL, 3);
INSERT INTO `boarding_pass` (`boarding_pass_id`, `purchase_id`, `passenger_id`, `seat_type_id`, `seat_id`, `flight_id`) VALUES (32, 85, 300, 3, NULL, 3);
INSERT INTO `boarding_pass` (`boarding_pass_id`, `purchase_id`, `passenger_id`, `seat_type_id`, `seat_id`, `flight_id`) VALUES (33, 93, 358, 1, 134, 4);
INSERT INTO `boarding_pass` (`boarding_pass_id`, `purchase_id`, `passenger_id`, `seat_type_id`, `seat_id`, `flight_id`) VALUES (34, 178, 320, 2, NULL, 4);
INSERT INTO `boarding_pass` (`boarding_pass_id`, `purchase_id`, `passenger_id`, `seat_type_id`, `seat_id`, `flight_id`) VALUES (35, 80, 505, 3, NULL, 3);
INSERT INTO `boarding_pass` (`boarding_pass_id`, `purchase_id`, `passenger_id`, `seat_type_id`, `seat_id`, `flight_id`) VALUES (36, 96, 121, 2, 8, 1);
INSERT INTO `boarding_pass` (`boarding_pass_id`, `purchase_id`, `passenger_id`, `seat_type_id`, `seat_id`, `flight_id`) VALUES (37, 174, 480, 3, NULL, 4);
INSERT INTO `boarding_pass` (`boarding_pass_id`, `purchase_id`, `passenger_id`, `seat_type_id`, `seat_id`, `flight_id`) VALUES (38, 136, 516, 2, NULL, 1);
INSERT INTO `boarding_pass` (`boarding_pass_id`, `purchase_id`, `passenger_id`, `seat_type_id`, `seat_id`, `flight_id`) VALUES (39, 18, 32, 3, NULL, 4);
INSERT INTO `boarding_pass` (`boarding_pass_id`, `purchase_id`, `passenger_id`, `seat_type_id`, `seat_id`, `flight_id`) VALUES (40, 200, 156, 3, NULL, 1);
INSERT INTO `boarding_pass` (`boarding_pass_id`, `purchase_id`, `passenger_id`, `seat_type_id`, `seat_id`, `flight_id`) VALUES (41, 133, 570, 3, NULL, 4);
INSERT INTO `boarding_pass` (`boarding_pass_id`, `purchase_id`, `passenger_id`, `seat_type_id`, `seat_id`, `flight_id`) VALUES (42, 24, 409, 3, NULL, 4);
INSERT INTO `boarding_pass` (`boarding_pass_id`, `purchase_id`, `passenger_id`, `seat_type_id`, `seat_id`, `flight_id`) VALUES (43, 147, 187, 3, NULL, 4);
INSERT INTO `boarding_pass` (`boarding_pass_id`, `purchase_id`, `passenger_id`, `seat_type_id`, `seat_id`, `flight_id`) VALUES (44, 51, 274, 2, NULL, 2);
INSERT INTO `boarding_pass` (`boarding_pass_id`, `purchase_id`, `passenger_id`, `seat_type_id`, `seat_id`, `flight_id`) VALUES (45, 140, 211, 3, NULL, 2);
INSERT INTO `boarding_pass` (`boarding_pass_id`, `purchase_id`, `passenger_id`, `seat_type_id`, `seat_id`, `flight_id`) VALUES (46, 66, 199, 3, NULL, 2);
INSERT INTO `boarding_pass` (`boarding_pass_id`, `purchase_id`, `passenger_id`, `seat_type_id`, `seat_id`, `flight_id`) VALUES (47, 149, 275, 2, NULL, 4);
INSERT INTO `boarding_pass` (`boarding_pass_id`, `purchase_id`, `passenger_id`, `seat_type_id`, `seat_id`, `flight_id`) VALUES (48, 27, 241, 3, 149, 1);
INSERT INTO `boarding_pass` (`boarding_pass_id`, `purchase_id`, `passenger_id`, `seat_type_id`, `seat_id`, `flight_id`) VALUES (49, 85, 129, 3, NULL, 3);
INSERT INTO `boarding_pass` (`boarding_pass_id`, `purchase_id`, `passenger_id`, `seat_type_id`, `seat_id`, `flight_id`) VALUES (50, 16, 525, 3, NULL, 4);
INSERT INTO `boarding_pass` (`boarding_pass_id`, `purchase_id`, `passenger_id`, `seat_type_id`, `seat_id`, `flight_id`) VALUES (51, 183, 465, 2, NULL, 2);
INSERT INTO `boarding_pass` (`boarding_pass_id`, `purchase_id`, `passenger_id`, `seat_type_id`, `seat_id`, `flight_id`) VALUES (52, 103, 158, 3, NULL, 2);
INSERT INTO `boarding_pass` (`boarding_pass_id`, `purchase_id`, `passenger_id`, `seat_type_id`, `seat_id`, `flight_id`) VALUES (53, 10, 41, 3, NULL, 1);
INSERT INTO `boarding_pass` (`boarding_pass_id`, `purchase_id`, `passenger_id`, `seat_type_id`, `seat_id`, `flight_id`) VALUES (54, 150, 273, 1, 29, 4);
INSERT INTO `boarding_pass` (`boarding_pass_id`, `purchase_id`, `passenger_id`, `seat_type_id`, `seat_id`, `flight_id`) VALUES (55, 71, 175, 2, NULL, 1);
INSERT INTO `boarding_pass` (`boarding_pass_id`, `purchase_id`, `passenger_id`, `seat_type_id`, `seat_id`, `flight_id`) VALUES (56, 186, 517, 3, NULL, 3);
INSERT INTO `boarding_pass` (`boarding_pass_id`, `purchase_id`, `passenger_id`, `seat_type_id`, `seat_id`, `flight_id`) VALUES (57, 50, 218, 3, NULL, 4);
INSERT INTO `boarding_pass` (`boarding_pass_id`, `purchase_id`, `passenger_id`, `seat_type_id`, `seat_id`, `flight_id`) VALUES (58, 164, 242, 1, 164, 3);
INSERT INTO `boarding_pass` (`boarding_pass_id`, `purchase_id`, `passenger_id`, `seat_type_id`, `seat_id`, `flight_id`) VALUES (59, 46, 527, 3, 266, 2);
INSERT INTO `boarding_pass` (`boarding_pass_id`, `purchase_id`, `passenger_id`, `seat_type_id`, `seat_id`, `flight_id`) VALUES (60, 44, 38, 2, NULL, 1);
INSERT INTO `boarding_pass` (`boarding_pass_id`, `purchase_id`, `passenger_id`, `seat_type_id`, `seat_id`, `flight_id`) VALUES (61, 11, 293, 2, NULL, 4);
INSERT INTO `boarding_pass` (`boarding_pass_id`, `purchase_id`, `passenger_id`, `seat_type_id`, `seat_id`, `flight_id`) VALUES (62, 159, 256, 2, NULL, 2);
INSERT INTO `boarding_pass` (`boarding_pass_id`, `purchase_id`, `passenger_id`, `seat_type_id`, `seat_id`, `flight_id`) VALUES (63, 124, 316, 2, NULL, 1);
INSERT INTO `boarding_pass` (`boarding_pass_id`, `purchase_id`, `passenger_id`, `seat_type_id`, `seat_id`, `flight_id`) VALUES (64, 57, 375, 3, NULL, 3);
INSERT INTO `boarding_pass` (`boarding_pass_id`, `purchase_id`, `passenger_id`, `seat_type_id`, `seat_id`, `flight_id`) VALUES (65, 89, 122, 2, 60, 4);
INSERT INTO `boarding_pass` (`boarding_pass_id`, `purchase_id`, `passenger_id`, `seat_type_id`, `seat_id`, `flight_id`) VALUES (66, 31, 81, 3, NULL, 3);
INSERT INTO `boarding_pass` (`boarding_pass_id`, `purchase_id`, `passenger_id`, `seat_type_id`, `seat_id`, `flight_id`) VALUES (67, 169, 395, 3, NULL, 2);
INSERT INTO `boarding_pass` (`boarding_pass_id`, `purchase_id`, `passenger_id`, `seat_type_id`, `seat_id`, `flight_id`) VALUES (68, 168, 446, 2, 233, 2);
INSERT INTO `boarding_pass` (`boarding_pass_id`, `purchase_id`, `passenger_id`, `seat_type_id`, `seat_id`, `flight_id`) VALUES (69, 37, 507, 1, 227, 3);
INSERT INTO `boarding_pass` (`boarding_pass_id`, `purchase_id`, `passenger_id`, `seat_type_id`, `seat_id`, `flight_id`) VALUES (70, 21, 21, 2, NULL, 2);
INSERT INTO `boarding_pass` (`boarding_pass_id`, `purchase_id`, `passenger_id`, `seat_type_id`, `seat_id`, `flight_id`) VALUES (71, 78, 34, 3, NULL, 2);
INSERT INTO `boarding_pass` (`boarding_pass_id`, `purchase_id`, `passenger_id`, `seat_type_id`, `seat_id`, `flight_id`) VALUES (72, 30, 455, 3, 122, 4);
INSERT INTO `boarding_pass` (`boarding_pass_id`, `purchase_id`, `passenger_id`, `seat_type_id`, `seat_id`, `flight_id`) VALUES (73, 17, 458, 2, NULL, 4);
INSERT INTO `boarding_pass` (`boarding_pass_id`, `purchase_id`, `passenger_id`, `seat_type_id`, `seat_id`, `flight_id`) VALUES (74, 110, 356, 3, NULL, 3);
INSERT INTO `boarding_pass` (`boarding_pass_id`, `purchase_id`, `passenger_id`, `seat_type_id`, `seat_id`, `flight_id`) VALUES (75, 120, 449, 2, NULL, 1);
INSERT INTO `boarding_pass` (`boarding_pass_id`, `purchase_id`, `passenger_id`, `seat_type_id`, `seat_id`, `flight_id`) VALUES (76, 97, 365, 3, NULL, 4);
INSERT INTO `boarding_pass` (`boarding_pass_id`, `purchase_id`, `passenger_id`, `seat_type_id`, `seat_id`, `flight_id`) VALUES (77, 145, 279, 3, NULL, 1);
INSERT INTO `boarding_pass` (`boarding_pass_id`, `purchase_id`, `passenger_id`, `seat_type_id`, `seat_id`, `flight_id`) VALUES (78, 50, 385, 3, NULL, 4);
INSERT INTO `boarding_pass` (`boarding_pass_id`, `purchase_id`, `passenger_id`, `seat_type_id`, `seat_id`, `flight_id`) VALUES (79, 52, 314, 2, NULL, 4);
INSERT INTO `boarding_pass` (`boarding_pass_id`, `purchase_id`, `passenger_id`, `seat_type_id`, `seat_id`, `flight_id`) VALUES (80, 60, 17, 3, 151, 4);
INSERT INTO `boarding_pass` (`boarding_pass_id`, `purchase_id`, `passenger_id`, `seat_type_id`, `seat_id`, `flight_id`) VALUES (81, 22, 65, 2, NULL, 3);
INSERT INTO `boarding_pass` (`boarding_pass_id`, `purchase_id`, `passenger_id`, `seat_type_id`, `seat_id`, `flight_id`) VALUES (82, 134, 403, 2, 274, 3);
INSERT INTO `boarding_pass` (`boarding_pass_id`, `purchase_id`, `passenger_id`, `seat_type_id`, `seat_id`, `flight_id`) VALUES (83, 32, 410, 3, NULL, 2);
INSERT INTO `boarding_pass` (`boarding_pass_id`, `purchase_id`, `passenger_id`, `seat_type_id`, `seat_id`, `flight_id`) VALUES (84, 64, 546, 1, 135, 4);
INSERT INTO `boarding_pass` (`boarding_pass_id`, `purchase_id`, `passenger_id`, `seat_type_id`, `seat_id`, `flight_id`) VALUES (85, 182, 189, 1, 136, 1);
INSERT INTO `boarding_pass` (`boarding_pass_id`, `purchase_id`, `passenger_id`, `seat_type_id`, `seat_id`, `flight_id`) VALUES (86, 158, 415, 3, NULL, 1);
INSERT INTO `boarding_pass` (`boarding_pass_id`, `purchase_id`, `passenger_id`, `seat_type_id`, `seat_id`, `flight_id`) VALUES (87, 196, 192, 3, NULL, 3);
INSERT INTO `boarding_pass` (`boarding_pass_id`, `purchase_id`, `passenger_id`, `seat_type_id`, `seat_id`, `flight_id`) VALUES (88, 41, 173, 3, NULL, 3);
INSERT INTO `boarding_pass` (`boarding_pass_id`, `purchase_id`, `passenger_id`, `seat_type_id`, `seat_id`, `flight_id`) VALUES (89, 132, 204, 2, NULL, 4);
INSERT INTO `boarding_pass` (`boarding_pass_id`, `purchase_id`, `passenger_id`, `seat_type_id`, `seat_id`, `flight_id`) VALUES (90, 61, 426, 3, NULL, 1);
INSERT INTO `boarding_pass` (`boarding_pass_id`, `purchase_id`, `passenger_id`, `seat_type_id`, `seat_id`, `flight_id`) VALUES (91, 117, 533, 3, NULL, 1);
INSERT INTO `boarding_pass` (`boarding_pass_id`, `purchase_id`, `passenger_id`, `seat_type_id`, `seat_id`, `flight_id`) VALUES (92, 35, 216, 3, NULL, 4);
INSERT INTO `boarding_pass` (`boarding_pass_id`, `purchase_id`, `passenger_id`, `seat_type_id`, `seat_id`, `flight_id`) VALUES (93, 84, 441, 3, NULL, 4);
INSERT INTO `boarding_pass` (`boarding_pass_id`, `purchase_id`, `passenger_id`, `seat_type_id`, `seat_id`, `flight_id`) VALUES (94, 108, 539, 2, NULL, 1);
INSERT INTO `boarding_pass` (`boarding_pass_id`, `purchase_id`, `passenger_id`, `seat_type_id`, `seat_id`, `flight_id`) VALUES (95, 61, 319, 3, NULL, 1);
INSERT INTO `boarding_pass` (`boarding_pass_id`, `purchase_id`, `passenger_id`, `seat_type_id`, `seat_id`, `flight_id`) VALUES (96, 152, 444, 2, NULL, 1);
INSERT INTO `boarding_pass` (`boarding_pass_id`, `purchase_id`, `passenger_id`, `seat_type_id`, `seat_id`, `flight_id`) VALUES (97, 126, 429, 2, NULL, 4);
INSERT INTO `boarding_pass` (`boarding_pass_id`, `purchase_id`, `passenger_id`, `seat_type_id`, `seat_id`, `flight_id`) VALUES (98, 129, 481, 2, NULL, 3);
INSERT INTO `boarding_pass` (`boarding_pass_id`, `purchase_id`, `passenger_id`, `seat_type_id`, `seat_id`, `flight_id`) VALUES (99, 157, 197, 1, 229, 3);
INSERT INTO `boarding_pass` (`boarding_pass_id`, `purchase_id`, `passenger_id`, `seat_type_id`, `seat_id`, `flight_id`) VALUES (100, 7, 13, 3, NULL, 2);
INSERT INTO `boarding_pass` (`boarding_pass_id`, `purchase_id`, `passenger_id`, `seat_type_id`, `seat_id`, `flight_id`) VALUES (101, 38, 487, 1, 226, 2);
INSERT INTO `boarding_pass` (`boarding_pass_id`, `purchase_id`, `passenger_id`, `seat_type_id`, `seat_id`, `flight_id`) VALUES (102, 118, 12, 3, NULL, 1);
INSERT INTO `boarding_pass` (`boarding_pass_id`, `purchase_id`, `passenger_id`, `seat_type_id`, `seat_id`, `flight_id`) VALUES (103, 154, 140, 2, NULL, 2);
INSERT INTO `boarding_pass` (`boarding_pass_id`, `purchase_id`, `passenger_id`, `seat_type_id`, `seat_id`, `flight_id`) VALUES (104, 138, 26, 3, NULL, 2);
INSERT INTO `boarding_pass` (`boarding_pass_id`, `purchase_id`, `passenger_id`, `seat_type_id`, `seat_id`, `flight_id`) VALUES (105, 25, 411, 3, NULL, 2);
INSERT INTO `boarding_pass` (`boarding_pass_id`, `purchase_id`, `passenger_id`, `seat_type_id`, `seat_id`, `flight_id`) VALUES (106, 55, 294, 2, 34, 4);
INSERT INTO `boarding_pass` (`boarding_pass_id`, `purchase_id`, `passenger_id`, `seat_type_id`, `seat_id`, `flight_id`) VALUES (107, 68, 89, 2, NULL, 4);
INSERT INTO `boarding_pass` (`boarding_pass_id`, `purchase_id`, `passenger_id`, `seat_type_id`, `seat_id`, `flight_id`) VALUES (108, 71, 168, 2, NULL, 1);
INSERT INTO `boarding_pass` (`boarding_pass_id`, `purchase_id`, `passenger_id`, `seat_type_id`, `seat_id`, `flight_id`) VALUES (109, 123, 14, 3, NULL, 3);
INSERT INTO `boarding_pass` (`boarding_pass_id`, `purchase_id`, `passenger_id`, `seat_type_id`, `seat_id`, `flight_id`) VALUES (110, 130, 163, 1, 31, 4);
INSERT INTO `boarding_pass` (`boarding_pass_id`, `purchase_id`, `passenger_id`, `seat_type_id`, `seat_id`, `flight_id`) VALUES (111, 8, 299, 3, NULL, 2);
INSERT INTO `boarding_pass` (`boarding_pass_id`, `purchase_id`, `passenger_id`, `seat_type_id`, `seat_id`, `flight_id`) VALUES (112, 68, 127, 2, NULL, 4);
INSERT INTO `boarding_pass` (`boarding_pass_id`, `purchase_id`, `passenger_id`, `seat_type_id`, `seat_id`, `flight_id`) VALUES (113, 36, 554, 1, 164, 2);
INSERT INTO `boarding_pass` (`boarding_pass_id`, `purchase_id`, `passenger_id`, `seat_type_id`, `seat_id`, `flight_id`) VALUES (114, 102, 155, 3, NULL, 4);
INSERT INTO `boarding_pass` (`boarding_pass_id`, `purchase_id`, `passenger_id`, `seat_type_id`, `seat_id`, `flight_id`) VALUES (115, 194, 200, 3, NULL, 1);
INSERT INTO `boarding_pass` (`boarding_pass_id`, `purchase_id`, `passenger_id`, `seat_type_id`, `seat_id`, `flight_id`) VALUES (116, 76, 195, 1, 4, 1);
INSERT INTO `boarding_pass` (`boarding_pass_id`, `purchase_id`, `passenger_id`, `seat_type_id`, `seat_id`, `flight_id`) VALUES (117, 156, 110, 3, NULL, 4);
INSERT INTO `boarding_pass` (`boarding_pass_id`, `purchase_id`, `passenger_id`, `seat_type_id`, `seat_id`, `flight_id`) VALUES (118, 9, 178, 3, NULL, 4);
INSERT INTO `boarding_pass` (`boarding_pass_id`, `purchase_id`, `passenger_id`, `seat_type_id`, `seat_id`, `flight_id`) VALUES (119, 93, 327, 1, 133, 4);
INSERT INTO `boarding_pass` (`boarding_pass_id`, `purchase_id`, `passenger_id`, `seat_type_id`, `seat_id`, `flight_id`) VALUES (120, 98, 59, 3, NULL, 2);
INSERT INTO `boarding_pass` (`boarding_pass_id`, `purchase_id`, `passenger_id`, `seat_type_id`, `seat_id`, `flight_id`) VALUES (121, 145, 106, 3, NULL, 1);
INSERT INTO `boarding_pass` (`boarding_pass_id`, `purchase_id`, `passenger_id`, `seat_type_id`, `seat_id`, `flight_id`) VALUES (122, 147, 478, 3, NULL, 4);
INSERT INTO `boarding_pass` (`boarding_pass_id`, `purchase_id`, `passenger_id`, `seat_type_id`, `seat_id`, `flight_id`) VALUES (123, 92, 407, 3, NULL, 3);
INSERT INTO `boarding_pass` (`boarding_pass_id`, `purchase_id`, `passenger_id`, `seat_type_id`, `seat_id`, `flight_id`) VALUES (124, 174, 501, 3, NULL, 4);
INSERT INTO `boarding_pass` (`boarding_pass_id`, `purchase_id`, `passenger_id`, `seat_type_id`, `seat_id`, `flight_id`) VALUES (125, 134, 286, 2, 273, 3);
INSERT INTO `boarding_pass` (`boarding_pass_id`, `purchase_id`, `passenger_id`, `seat_type_id`, `seat_id`, `flight_id`) VALUES (126, 87, 400, 2, NULL, 2);
INSERT INTO `boarding_pass` (`boarding_pass_id`, `purchase_id`, `passenger_id`, `seat_type_id`, `seat_id`, `flight_id`) VALUES (127, 72, 92, 3, NULL, 2);
INSERT INTO `boarding_pass` (`boarding_pass_id`, `purchase_id`, `passenger_id`, `seat_type_id`, `seat_id`, `flight_id`) VALUES (128, 7, 180, 3, NULL, 2);
INSERT INTO `boarding_pass` (`boarding_pass_id`, `purchase_id`, `passenger_id`, `seat_type_id`, `seat_id`, `flight_id`) VALUES (129, 28, 128, 3, 156, 1);
INSERT INTO `boarding_pass` (`boarding_pass_id`, `purchase_id`, `passenger_id`, `seat_type_id`, `seat_id`, `flight_id`) VALUES (130, 63, 86, 2, NULL, 3);
INSERT INTO `boarding_pass` (`boarding_pass_id`, `purchase_id`, `passenger_id`, `seat_type_id`, `seat_id`, `flight_id`) VALUES (131, 153, 457, 3, NULL, 4);
INSERT INTO `boarding_pass` (`boarding_pass_id`, `purchase_id`, `passenger_id`, `seat_type_id`, `seat_id`, `flight_id`) VALUES (132, 125, 193, 2, 189, 3);
INSERT INTO `boarding_pass` (`boarding_pass_id`, `purchase_id`, `passenger_id`, `seat_type_id`, `seat_id`, `flight_id`) VALUES (133, 108, 91, 2, NULL, 1);
INSERT INTO `boarding_pass` (`boarding_pass_id`, `purchase_id`, `passenger_id`, `seat_type_id`, `seat_id`, `flight_id`) VALUES (134, 8, 69, 3, NULL, 2);
INSERT INTO `boarding_pass` (`boarding_pass_id`, `purchase_id`, `passenger_id`, `seat_type_id`, `seat_id`, `flight_id`) VALUES (135, 143, 100, 3, NULL, 2);
INSERT INTO `boarding_pass` (`boarding_pass_id`, `purchase_id`, `passenger_id`, `seat_type_id`, `seat_id`, `flight_id`) VALUES (136, 31, 239, 3, NULL, 3);
INSERT INTO `boarding_pass` (`boarding_pass_id`, `purchase_id`, `passenger_id`, `seat_type_id`, `seat_id`, `flight_id`) VALUES (137, 179, 340, 3, 118, 4);
INSERT INTO `boarding_pass` (`boarding_pass_id`, `purchase_id`, `passenger_id`, `seat_type_id`, `seat_id`, `flight_id`) VALUES (138, 77, 47, 3, NULL, 1);
INSERT INTO `boarding_pass` (`boarding_pass_id`, `purchase_id`, `passenger_id`, `seat_type_id`, `seat_id`, `flight_id`) VALUES (139, 15, 182, 2, NULL, 4);
INSERT INTO `boarding_pass` (`boarding_pass_id`, `purchase_id`, `passenger_id`, `seat_type_id`, `seat_id`, `flight_id`) VALUES (140, 41, 304, 3, NULL, 3);
INSERT INTO `boarding_pass` (`boarding_pass_id`, `purchase_id`, `passenger_id`, `seat_type_id`, `seat_id`, `flight_id`) VALUES (141, 102, 46, 3, NULL, 4);
INSERT INTO `boarding_pass` (`boarding_pass_id`, `purchase_id`, `passenger_id`, `seat_type_id`, `seat_id`, `flight_id`) VALUES (142, 176, 58, 3, NULL, 3);
INSERT INTO `boarding_pass` (`boarding_pass_id`, `purchase_id`, `passenger_id`, `seat_type_id`, `seat_id`, `flight_id`) VALUES (143, 102, 328, 3, NULL, 4);
INSERT INTO `boarding_pass` (`boarding_pass_id`, `purchase_id`, `passenger_id`, `seat_type_id`, `seat_id`, `flight_id`) VALUES (144, 108, 252, 2, NULL, 1);
INSERT INTO `boarding_pass` (`boarding_pass_id`, `purchase_id`, `passenger_id`, `seat_type_id`, `seat_id`, `flight_id`) VALUES (145, 147, 70, 3, NULL, 4);
INSERT INTO `boarding_pass` (`boarding_pass_id`, `purchase_id`, `passenger_id`, `seat_type_id`, `seat_id`, `flight_id`) VALUES (146, 45, 492, 2, NULL, 2);
INSERT INTO `boarding_pass` (`boarding_pass_id`, `purchase_id`, `passenger_id`, `seat_type_id`, `seat_id`, `flight_id`) VALUES (147, 83, 549, 3, NULL, 2);
INSERT INTO `boarding_pass` (`boarding_pass_id`, `purchase_id`, `passenger_id`, `seat_type_id`, `seat_id`, `flight_id`) VALUES (148, 8, 290, 3, NULL, 2);
INSERT INTO `boarding_pass` (`boarding_pass_id`, `purchase_id`, `passenger_id`, `seat_type_id`, `seat_id`, `flight_id`) VALUES (149, 12, 246, 3, NULL, 2);
INSERT INTO `boarding_pass` (`boarding_pass_id`, `purchase_id`, `passenger_id`, `seat_type_id`, `seat_id`, `flight_id`) VALUES (150, 124, 536, 2, NULL, 1);
INSERT INTO `boarding_pass` (`boarding_pass_id`, `purchase_id`, `passenger_id`, `seat_type_id`, `seat_id`, `flight_id`) VALUES (151, 148, 459, 2, 299, 2);
INSERT INTO `boarding_pass` (`boarding_pass_id`, `purchase_id`, `passenger_id`, `seat_type_id`, `seat_id`, `flight_id`) VALUES (152, 16, 31, 3, NULL, 4);
INSERT INTO `boarding_pass` (`boarding_pass_id`, `purchase_id`, `passenger_id`, `seat_type_id`, `seat_id`, `flight_id`) VALUES (153, 51, 177, 2, NULL, 2);
INSERT INTO `boarding_pass` (`boarding_pass_id`, `purchase_id`, `passenger_id`, `seat_type_id`, `seat_id`, `flight_id`) VALUES (154, 1, 309, 3, NULL, 4);
INSERT INTO `boarding_pass` (`boarding_pass_id`, `purchase_id`, `passenger_id`, `seat_type_id`, `seat_id`, `flight_id`) VALUES (155, 173, 101, 1, 107, 1);
INSERT INTO `boarding_pass` (`boarding_pass_id`, `purchase_id`, `passenger_id`, `seat_type_id`, `seat_id`, `flight_id`) VALUES (156, 44, 114, 2, NULL, 1);
INSERT INTO `boarding_pass` (`boarding_pass_id`, `purchase_id`, `passenger_id`, `seat_type_id`, `seat_id`, `flight_id`) VALUES (157, 137, 421, 3, NULL, 1);
INSERT INTO `boarding_pass` (`boarding_pass_id`, `purchase_id`, `passenger_id`, `seat_type_id`, `seat_id`, `flight_id`) VALUES (158, 14, 555, 3, NULL, 2);
INSERT INTO `boarding_pass` (`boarding_pass_id`, `purchase_id`, `passenger_id`, `seat_type_id`, `seat_id`, `flight_id`) VALUES (159, 16, 432, 3, NULL, 4);
INSERT INTO `boarding_pass` (`boarding_pass_id`, `purchase_id`, `passenger_id`, `seat_type_id`, `seat_id`, `flight_id`) VALUES (160, 138, 93, 3, NULL, 2);
INSERT INTO `boarding_pass` (`boarding_pass_id`, `purchase_id`, `passenger_id`, `seat_type_id`, `seat_id`, `flight_id`) VALUES (161, 72, 161, 3, NULL, 2);
INSERT INTO `boarding_pass` (`boarding_pass_id`, `purchase_id`, `passenger_id`, `seat_type_id`, `seat_id`, `flight_id`) VALUES (162, 52, 107, 2, NULL, 4);
INSERT INTO `boarding_pass` (`boarding_pass_id`, `purchase_id`, `passenger_id`, `seat_type_id`, `seat_id`, `flight_id`) VALUES (163, 96, 500, 2, NULL, 1);
INSERT INTO `boarding_pass` (`boarding_pass_id`, `purchase_id`, `passenger_id`, `seat_type_id`, `seat_id`, `flight_id`) VALUES (164, 190, 406, 3, NULL, 3);
INSERT INTO `boarding_pass` (`boarding_pass_id`, `purchase_id`, `passenger_id`, `seat_type_id`, `seat_id`, `flight_id`) VALUES (165, 44, 473, 2, NULL, 1);
INSERT INTO `boarding_pass` (`boarding_pass_id`, `purchase_id`, `passenger_id`, `seat_type_id`, `seat_id`, `flight_id`) VALUES (166, 137, 502, 3, NULL, 1);
INSERT INTO `boarding_pass` (`boarding_pass_id`, `purchase_id`, `passenger_id`, `seat_type_id`, `seat_id`, `flight_id`) VALUES (167, 106, 123, 2, NULL, 1);
INSERT INTO `boarding_pass` (`boarding_pass_id`, `purchase_id`, `passenger_id`, `seat_type_id`, `seat_id`, `flight_id`) VALUES (168, 165, 4, 3, NULL, 4);
INSERT INTO `boarding_pass` (`boarding_pass_id`, `purchase_id`, `passenger_id`, `seat_type_id`, `seat_id`, `flight_id`) VALUES (169, 156, 289, 3, NULL, 4);
INSERT INTO `boarding_pass` (`boarding_pass_id`, `purchase_id`, `passenger_id`, `seat_type_id`, `seat_id`, `flight_id`) VALUES (170, 98, 201, 3, NULL, 2);
INSERT INTO `boarding_pass` (`boarding_pass_id`, `purchase_id`, `passenger_id`, `seat_type_id`, `seat_id`, `flight_id`) VALUES (171, 171, 277, 2, NULL, 4);
INSERT INTO `boarding_pass` (`boarding_pass_id`, `purchase_id`, `passenger_id`, `seat_type_id`, `seat_id`, `flight_id`) VALUES (172, 175, 558, 2, NULL, 2);
INSERT INTO `boarding_pass` (`boarding_pass_id`, `purchase_id`, `passenger_id`, `seat_type_id`, `seat_id`, `flight_id`) VALUES (173, 48, 278, 2, NULL, 2);
INSERT INTO `boarding_pass` (`boarding_pass_id`, `purchase_id`, `passenger_id`, `seat_type_id`, `seat_id`, `flight_id`) VALUES (174, 92, 115, 3, NULL, 3);
INSERT INTO `boarding_pass` (`boarding_pass_id`, `purchase_id`, `passenger_id`, `seat_type_id`, `seat_id`, `flight_id`) VALUES (175, 109, 188, 1, 30, 1);
INSERT INTO `boarding_pass` (`boarding_pass_id`, `purchase_id`, `passenger_id`, `seat_type_id`, `seat_id`, `flight_id`) VALUES (176, 103, 402, 3, NULL, 2);
INSERT INTO `boarding_pass` (`boarding_pass_id`, `purchase_id`, `passenger_id`, `seat_type_id`, `seat_id`, `flight_id`) VALUES (177, 81, 511, 2, NULL, 2);
INSERT INTO `boarding_pass` (`boarding_pass_id`, `purchase_id`, `passenger_id`, `seat_type_id`, `seat_id`, `flight_id`) VALUES (178, 45, 529, 2, NULL, 2);
INSERT INTO `boarding_pass` (`boarding_pass_id`, `purchase_id`, `passenger_id`, `seat_type_id`, `seat_id`, `flight_id`) VALUES (179, 180, 424, 3, NULL, 1);
INSERT INTO `boarding_pass` (`boarding_pass_id`, `purchase_id`, `passenger_id`, `seat_type_id`, `seat_id`, `flight_id`) VALUES (180, 100, 3, 2, NULL, 3);
INSERT INTO `boarding_pass` (`boarding_pass_id`, `purchase_id`, `passenger_id`, `seat_type_id`, `seat_id`, `flight_id`) VALUES (181, 68, 272, 2, NULL, 4);
INSERT INTO `boarding_pass` (`boarding_pass_id`, `purchase_id`, `passenger_id`, `seat_type_id`, `seat_id`, `flight_id`) VALUES (182, 90, 10, 3, NULL, 2);
INSERT INTO `boarding_pass` (`boarding_pass_id`, `purchase_id`, `passenger_id`, `seat_type_id`, `seat_id`, `flight_id`) VALUES (183, 61, 261, 3, 13, 1);
INSERT INTO `boarding_pass` (`boarding_pass_id`, `purchase_id`, `passenger_id`, `seat_type_id`, `seat_id`, `flight_id`) VALUES (184, 31, 292, 3, NULL, 3);
INSERT INTO `boarding_pass` (`boarding_pass_id`, `purchase_id`, `passenger_id`, `seat_type_id`, `seat_id`, `flight_id`) VALUES (185, 143, 397, 3, NULL, 2);
INSERT INTO `boarding_pass` (`boarding_pass_id`, `purchase_id`, `passenger_id`, `seat_type_id`, `seat_id`, `flight_id`) VALUES (186, 24, 116, 3, NULL, 4);
INSERT INTO `boarding_pass` (`boarding_pass_id`, `purchase_id`, `passenger_id`, `seat_type_id`, `seat_id`, `flight_id`) VALUES (187, 189, 102, 3, NULL, 4);
INSERT INTO `boarding_pass` (`boarding_pass_id`, `purchase_id`, `passenger_id`, `seat_type_id`, `seat_id`, `flight_id`) VALUES (188, 5, 24, 3, NULL, 3);
INSERT INTO `boarding_pass` (`boarding_pass_id`, `purchase_id`, `passenger_id`, `seat_type_id`, `seat_id`, `flight_id`) VALUES (189, 94, 307, 2, NULL, 4);
INSERT INTO `boarding_pass` (`boarding_pass_id`, `purchase_id`, `passenger_id`, `seat_type_id`, `seat_id`, `flight_id`) VALUES (190, 197, 388, 3, NULL, 1);
INSERT INTO `boarding_pass` (`boarding_pass_id`, `purchase_id`, `passenger_id`, `seat_type_id`, `seat_id`, `flight_id`) VALUES (191, 36, 318, 1, 162, 2);
INSERT INTO `boarding_pass` (`boarding_pass_id`, `purchase_id`, `passenger_id`, `seat_type_id`, `seat_id`, `flight_id`) VALUES (192, 184, 68, 3, NULL, 3);
INSERT INTO `boarding_pass` (`boarding_pass_id`, `purchase_id`, `passenger_id`, `seat_type_id`, `seat_id`, `flight_id`) VALUES (193, 34, 36, 3, NULL, 1);
INSERT INTO `boarding_pass` (`boarding_pass_id`, `purchase_id`, `passenger_id`, `seat_type_id`, `seat_id`, `flight_id`) VALUES (194, 170, 231, 3, NULL, 2);
INSERT INTO `boarding_pass` (`boarding_pass_id`, `purchase_id`, `passenger_id`, `seat_type_id`, `seat_id`, `flight_id`) VALUES (195, 95, 236, 3, NULL, 2);
INSERT INTO `boarding_pass` (`boarding_pass_id`, `purchase_id`, `passenger_id`, `seat_type_id`, `seat_id`, `flight_id`) VALUES (196, 111, 174, 3, 78, 1);
INSERT INTO `boarding_pass` (`boarding_pass_id`, `purchase_id`, `passenger_id`, `seat_type_id`, `seat_id`, `flight_id`) VALUES (197, 35, 560, 3, NULL, 4);
INSERT INTO `boarding_pass` (`boarding_pass_id`, `purchase_id`, `passenger_id`, `seat_type_id`, `seat_id`, `flight_id`) VALUES (198, 34, 141, 3, 19, 1);
INSERT INTO `boarding_pass` (`boarding_pass_id`, `purchase_id`, `passenger_id`, `seat_type_id`, `seat_id`, `flight_id`) VALUES (199, 82, 203, 2, NULL, 3);
INSERT INTO `boarding_pass` (`boarding_pass_id`, `purchase_id`, `passenger_id`, `seat_type_id`, `seat_id`, `flight_id`) VALUES (200, 34, 461, 3, NULL, 1);
INSERT INTO `boarding_pass` (`boarding_pass_id`, `purchase_id`, `passenger_id`, `seat_type_id`, `seat_id`, `flight_id`) VALUES (201, 169, 264, 3, 184, 2);
INSERT INTO `boarding_pass` (`boarding_pass_id`, `purchase_id`, `passenger_id`, `seat_type_id`, `seat_id`, `flight_id`) VALUES (202, 92, 165, 3, NULL, 3);
INSERT INTO `boarding_pass` (`boarding_pass_id`, `purchase_id`, `passenger_id`, `seat_type_id`, `seat_id`, `flight_id`) VALUES (203, 43, 229, 1, 106, 4);
INSERT INTO `boarding_pass` (`boarding_pass_id`, `purchase_id`, `passenger_id`, `seat_type_id`, `seat_id`, `flight_id`) VALUES (204, 24, 103, 3, NULL, 4);
INSERT INTO `boarding_pass` (`boarding_pass_id`, `purchase_id`, `passenger_id`, `seat_type_id`, `seat_id`, `flight_id`) VALUES (205, 112, 171, 2, NULL, 3);
INSERT INTO `boarding_pass` (`boarding_pass_id`, `purchase_id`, `passenger_id`, `seat_type_id`, `seat_id`, `flight_id`) VALUES (206, 171, 396, 2, 11, 4);
INSERT INTO `boarding_pass` (`boarding_pass_id`, `purchase_id`, `passenger_id`, `seat_type_id`, `seat_id`, `flight_id`) VALUES (207, 75, 313, 1, 108, 4);
INSERT INTO `boarding_pass` (`boarding_pass_id`, `purchase_id`, `passenger_id`, `seat_type_id`, `seat_id`, `flight_id`) VALUES (208, 1, 291, 3, NULL, 4);
INSERT INTO `boarding_pass` (`boarding_pass_id`, `purchase_id`, `passenger_id`, `seat_type_id`, `seat_id`, `flight_id`) VALUES (209, 196, 265, 3, NULL, 3);
INSERT INTO `boarding_pass` (`boarding_pass_id`, `purchase_id`, `passenger_id`, `seat_type_id`, `seat_id`, `flight_id`) VALUES (210, 101, 552, 3, NULL, 3);
INSERT INTO `boarding_pass` (`boarding_pass_id`, `purchase_id`, `passenger_id`, `seat_type_id`, `seat_id`, `flight_id`) VALUES (211, 195, 335, 3, NULL, 3);
INSERT INTO `boarding_pass` (`boarding_pass_id`, `purchase_id`, `passenger_id`, `seat_type_id`, `seat_id`, `flight_id`) VALUES (212, 174, 146, 3, NULL, 4);
INSERT INTO `boarding_pass` (`boarding_pass_id`, `purchase_id`, `passenger_id`, `seat_type_id`, `seat_id`, `flight_id`) VALUES (213, 186, 259, 3, NULL, 3);
INSERT INTO `boarding_pass` (`boarding_pass_id`, `purchase_id`, `passenger_id`, `seat_type_id`, `seat_id`, `flight_id`) VALUES (214, 101, 484, 3, NULL, 3);
INSERT INTO `boarding_pass` (`boarding_pass_id`, `purchase_id`, `passenger_id`, `seat_type_id`, `seat_id`, `flight_id`) VALUES (215, 128, 305, 3, NULL, 4);
INSERT INTO `boarding_pass` (`boarding_pass_id`, `purchase_id`, `passenger_id`, `seat_type_id`, `seat_id`, `flight_id`) VALUES (216, 160, 374, 3, NULL, 4);
INSERT INTO `boarding_pass` (`boarding_pass_id`, `purchase_id`, `passenger_id`, `seat_type_id`, `seat_id`, `flight_id`) VALUES (217, 105, 430, 3, NULL, 3);
INSERT INTO `boarding_pass` (`boarding_pass_id`, `purchase_id`, `passenger_id`, `seat_type_id`, `seat_id`, `flight_id`) VALUES (218, 179, 366, 3, 117, 4);
INSERT INTO `boarding_pass` (`boarding_pass_id`, `purchase_id`, `passenger_id`, `seat_type_id`, `seat_id`, `flight_id`) VALUES (219, 27, 214, 3, NULL, 1);
INSERT INTO `boarding_pass` (`boarding_pass_id`, `purchase_id`, `passenger_id`, `seat_type_id`, `seat_id`, `flight_id`) VALUES (220, 163, 440, 3, NULL, 1);
INSERT INTO `boarding_pass` (`boarding_pass_id`, `purchase_id`, `passenger_id`, `seat_type_id`, `seat_id`, `flight_id`) VALUES (221, 88, 131, 3, NULL, 3);
INSERT INTO `boarding_pass` (`boarding_pass_id`, `purchase_id`, `passenger_id`, `seat_type_id`, `seat_id`, `flight_id`) VALUES (222, 38, 196, 1, 227, 2);
INSERT INTO `boarding_pass` (`boarding_pass_id`, `purchase_id`, `passenger_id`, `seat_type_id`, `seat_id`, `flight_id`) VALUES (223, 141, 434, 1, 106, 1);
INSERT INTO `boarding_pass` (`boarding_pass_id`, `purchase_id`, `passenger_id`, `seat_type_id`, `seat_id`, `flight_id`) VALUES (224, 148, 420, 2, NULL, 2);
INSERT INTO `boarding_pass` (`boarding_pass_id`, `purchase_id`, `passenger_id`, `seat_type_id`, `seat_id`, `flight_id`) VALUES (225, 113, 217, 3, NULL, 1);
INSERT INTO `boarding_pass` (`boarding_pass_id`, `purchase_id`, `passenger_id`, `seat_type_id`, `seat_id`, `flight_id`) VALUES (226, 190, 518, 3, NULL, 3);
INSERT INTO `boarding_pass` (`boarding_pass_id`, `purchase_id`, `passenger_id`, `seat_type_id`, `seat_id`, `flight_id`) VALUES (227, 177, 384, 1, 295, 2);
INSERT INTO `boarding_pass` (`boarding_pass_id`, `purchase_id`, `passenger_id`, `seat_type_id`, `seat_id`, `flight_id`) VALUES (228, 108, 150, 2, NULL, 1);
INSERT INTO `boarding_pass` (`boarding_pass_id`, `purchase_id`, `passenger_id`, `seat_type_id`, `seat_id`, `flight_id`) VALUES (229, 109, 157, 1, 32, 1);
INSERT INTO `boarding_pass` (`boarding_pass_id`, `purchase_id`, `passenger_id`, `seat_type_id`, `seat_id`, `flight_id`) VALUES (230, 72, 19, 3, NULL, 2);
INSERT INTO `boarding_pass` (`boarding_pass_id`, `purchase_id`, `passenger_id`, `seat_type_id`, `seat_id`, `flight_id`) VALUES (231, 83, 96, 3, NULL, 2);
INSERT INTO `boarding_pass` (`boarding_pass_id`, `purchase_id`, `passenger_id`, `seat_type_id`, `seat_id`, `flight_id`) VALUES (232, 200, 344, 3, 129, 1);
INSERT INTO `boarding_pass` (`boarding_pass_id`, `purchase_id`, `passenger_id`, `seat_type_id`, `seat_id`, `flight_id`) VALUES (233, 187, 468, 2, NULL, 1);
INSERT INTO `boarding_pass` (`boarding_pass_id`, `purchase_id`, `passenger_id`, `seat_type_id`, `seat_id`, `flight_id`) VALUES (234, 49, 524, 3, NULL, 1);
INSERT INTO `boarding_pass` (`boarding_pass_id`, `purchase_id`, `passenger_id`, `seat_type_id`, `seat_id`, `flight_id`) VALUES (235, 174, 362, 3, NULL, 4);
INSERT INTO `boarding_pass` (`boarding_pass_id`, `purchase_id`, `passenger_id`, `seat_type_id`, `seat_id`, `flight_id`) VALUES (236, 193, 212, 2, NULL, 2);
INSERT INTO `boarding_pass` (`boarding_pass_id`, `purchase_id`, `passenger_id`, `seat_type_id`, `seat_id`, `flight_id`) VALUES (237, 43, 234, 1, 105, 4);
INSERT INTO `boarding_pass` (`boarding_pass_id`, `purchase_id`, `passenger_id`, `seat_type_id`, `seat_id`, `flight_id`) VALUES (238, 117, 477, 3, NULL, 1);
INSERT INTO `boarding_pass` (`boarding_pass_id`, `purchase_id`, `passenger_id`, `seat_type_id`, `seat_id`, `flight_id`) VALUES (239, 178, 184, 2, NULL, 4);
INSERT INTO `boarding_pass` (`boarding_pass_id`, `purchase_id`, `passenger_id`, `seat_type_id`, `seat_id`, `flight_id`) VALUES (240, 80, 169, 3, NULL, 3);
INSERT INTO `boarding_pass` (`boarding_pass_id`, `purchase_id`, `passenger_id`, `seat_type_id`, `seat_id`, `flight_id`) VALUES (241, 117, 306, 3, NULL, 1);
INSERT INTO `boarding_pass` (`boarding_pass_id`, `purchase_id`, `passenger_id`, `seat_type_id`, `seat_id`, `flight_id`) VALUES (242, 4, 556, 2, NULL, 1);
INSERT INTO `boarding_pass` (`boarding_pass_id`, `purchase_id`, `passenger_id`, `seat_type_id`, `seat_id`, `flight_id`) VALUES (243, 24, 438, 3, NULL, 4);
INSERT INTO `boarding_pass` (`boarding_pass_id`, `purchase_id`, `passenger_id`, `seat_type_id`, `seat_id`, `flight_id`) VALUES (244, 67, 510, 3, NULL, 3);
INSERT INTO `boarding_pass` (`boarding_pass_id`, `purchase_id`, `passenger_id`, `seat_type_id`, `seat_id`, `flight_id`) VALUES (245, 59, 155, 3, NULL, 2);
INSERT INTO `boarding_pass` (`boarding_pass_id`, `purchase_id`, `passenger_id`, `seat_type_id`, `seat_id`, `flight_id`) VALUES (246, 156, 230, 3, NULL, 4);
INSERT INTO `boarding_pass` (`boarding_pass_id`, `purchase_id`, `passenger_id`, `seat_type_id`, `seat_id`, `flight_id`) VALUES (247, 53, 534, 3, NULL, 4);
INSERT INTO `boarding_pass` (`boarding_pass_id`, `purchase_id`, `passenger_id`, `seat_type_id`, `seat_id`, `flight_id`) VALUES (248, 49, 99, 3, 95, 1);
INSERT INTO `boarding_pass` (`boarding_pass_id`, `purchase_id`, `passenger_id`, `seat_type_id`, `seat_id`, `flight_id`) VALUES (249, 130, 71, 1, 32, 4);
INSERT INTO `boarding_pass` (`boarding_pass_id`, `purchase_id`, `passenger_id`, `seat_type_id`, `seat_id`, `flight_id`) VALUES (250, 153, 397, 3, NULL, 4);
INSERT INTO `boarding_pass` (`boarding_pass_id`, `purchase_id`, `passenger_id`, `seat_type_id`, `seat_id`, `flight_id`) VALUES (251, 55, 249, 2, 33, 4);
INSERT INTO `boarding_pass` (`boarding_pass_id`, `purchase_id`, `passenger_id`, `seat_type_id`, `seat_id`, `flight_id`) VALUES (252, 199, 270, 2, 206, 2);
INSERT INTO `boarding_pass` (`boarding_pass_id`, `purchase_id`, `passenger_id`, `seat_type_id`, `seat_id`, `flight_id`) VALUES (253, 18, 227, 3, NULL, 4);
INSERT INTO `boarding_pass` (`boarding_pass_id`, `purchase_id`, `passenger_id`, `seat_type_id`, `seat_id`, `flight_id`) VALUES (254, 201, 541, 2, NULL, 4);
INSERT INTO `boarding_pass` (`boarding_pass_id`, `purchase_id`, `passenger_id`, `seat_type_id`, `seat_id`, `flight_id`) VALUES (255, 164, 221, 1, 165, 3);
INSERT INTO `boarding_pass` (`boarding_pass_id`, `purchase_id`, `passenger_id`, `seat_type_id`, `seat_id`, `flight_id`) VALUES (256, 133, 361, 3, NULL, 4);
INSERT INTO `boarding_pass` (`boarding_pass_id`, `purchase_id`, `passenger_id`, `seat_type_id`, `seat_id`, `flight_id`) VALUES (257, 53, 151, 3, NULL, 4);
INSERT INTO `boarding_pass` (`boarding_pass_id`, `purchase_id`, `passenger_id`, `seat_type_id`, `seat_id`, `flight_id`) VALUES (258, 137, 138, 3, NULL, 1);
INSERT INTO `boarding_pass` (`boarding_pass_id`, `purchase_id`, `passenger_id`, `seat_type_id`, `seat_id`, `flight_id`) VALUES (259, 135, 568, 3, 224, 3);
INSERT INTO `boarding_pass` (`boarding_pass_id`, `purchase_id`, `passenger_id`, `seat_type_id`, `seat_id`, `flight_id`) VALUES (260, 118, 518, 3, 26, 1);
INSERT INTO `boarding_pass` (`boarding_pass_id`, `purchase_id`, `passenger_id`, `seat_type_id`, `seat_id`, `flight_id`) VALUES (261, 53, 359, 3, NULL, 4);
INSERT INTO `boarding_pass` (`boarding_pass_id`, `purchase_id`, `passenger_id`, `seat_type_id`, `seat_id`, `flight_id`) VALUES (262, 170, 63, 3, NULL, 2);
INSERT INTO `boarding_pass` (`boarding_pass_id`, `purchase_id`, `passenger_id`, `seat_type_id`, `seat_id`, `flight_id`) VALUES (263, 42, 460, 1, 107, 4);
INSERT INTO `boarding_pass` (`boarding_pass_id`, `purchase_id`, `passenger_id`, `seat_type_id`, `seat_id`, `flight_id`) VALUES (264, 15, 197, 2, NULL, 4);
INSERT INTO `boarding_pass` (`boarding_pass_id`, `purchase_id`, `passenger_id`, `seat_type_id`, `seat_id`, `flight_id`) VALUES (265, 71, 475, 2, NULL, 1);
INSERT INTO `boarding_pass` (`boarding_pass_id`, `purchase_id`, `passenger_id`, `seat_type_id`, `seat_id`, `flight_id`) VALUES (266, 74, 88, 3, 286, 2);
INSERT INTO `boarding_pass` (`boarding_pass_id`, `purchase_id`, `passenger_id`, `seat_type_id`, `seat_id`, `flight_id`) VALUES (267, 62, 29, 3, NULL, 4);
INSERT INTO `boarding_pass` (`boarding_pass_id`, `purchase_id`, `passenger_id`, `seat_type_id`, `seat_id`, `flight_id`) VALUES (268, 74, 462, 3, 287, 2);
INSERT INTO `boarding_pass` (`boarding_pass_id`, `purchase_id`, `passenger_id`, `seat_type_id`, `seat_id`, `flight_id`) VALUES (269, 80, 209, 3, NULL, 3);
INSERT INTO `boarding_pass` (`boarding_pass_id`, `purchase_id`, `passenger_id`, `seat_type_id`, `seat_id`, `flight_id`) VALUES (270, 187, 535, 2, NULL, 1);
INSERT INTO `boarding_pass` (`boarding_pass_id`, `purchase_id`, `passenger_id`, `seat_type_id`, `seat_id`, `flight_id`) VALUES (271, 16, 45, 3, NULL, 4);
INSERT INTO `boarding_pass` (`boarding_pass_id`, `purchase_id`, `passenger_id`, `seat_type_id`, `seat_id`, `flight_id`) VALUES (272, 198, 555, 1, 3, 4);
INSERT INTO `boarding_pass` (`boarding_pass_id`, `purchase_id`, `passenger_id`, `seat_type_id`, `seat_id`, `flight_id`) VALUES (273, 108, 350, 2, NULL, 1);
INSERT INTO `boarding_pass` (`boarding_pass_id`, `purchase_id`, `passenger_id`, `seat_type_id`, `seat_id`, `flight_id`) VALUES (274, 81, 390, 2, NULL, 2);
INSERT INTO `boarding_pass` (`boarding_pass_id`, `purchase_id`, `passenger_id`, `seat_type_id`, `seat_id`, `flight_id`) VALUES (275, 191, 284, 2, NULL, 4);
INSERT INTO `boarding_pass` (`boarding_pass_id`, `purchase_id`, `passenger_id`, `seat_type_id`, `seat_id`, `flight_id`) VALUES (276, 117, 244, 3, NULL, 1);
INSERT INTO `boarding_pass` (`boarding_pass_id`, `purchase_id`, `passenger_id`, `seat_type_id`, `seat_id`, `flight_id`) VALUES (277, 196, 412, 3, NULL, 3);
INSERT INTO `boarding_pass` (`boarding_pass_id`, `purchase_id`, `passenger_id`, `seat_type_id`, `seat_id`, `flight_id`) VALUES (278, 116, 557, 2, NULL, 1);
INSERT INTO `boarding_pass` (`boarding_pass_id`, `purchase_id`, `passenger_id`, `seat_type_id`, `seat_id`, `flight_id`) VALUES (279, 104, 52, 2, 210, 3);
INSERT INTO `boarding_pass` (`boarding_pass_id`, `purchase_id`, `passenger_id`, `seat_type_id`, `seat_id`, `flight_id`) VALUES (280, 53, 232, 3, NULL, 4);
INSERT INTO `boarding_pass` (`boarding_pass_id`, `purchase_id`, `passenger_id`, `seat_type_id`, `seat_id`, `flight_id`) VALUES (281, 195, 283, 3, NULL, 3);
INSERT INTO `boarding_pass` (`boarding_pass_id`, `purchase_id`, `passenger_id`, `seat_type_id`, `seat_id`, `flight_id`) VALUES (282, 26, 463, 3, NULL, 2);
INSERT INTO `boarding_pass` (`boarding_pass_id`, `purchase_id`, `passenger_id`, `seat_type_id`, `seat_id`, `flight_id`) VALUES (283, 132, 167, 2, NULL, 4);
INSERT INTO `boarding_pass` (`boarding_pass_id`, `purchase_id`, `passenger_id`, `seat_type_id`, `seat_id`, `flight_id`) VALUES (284, 67, 42, 3, NULL, 3);
INSERT INTO `boarding_pass` (`boarding_pass_id`, `purchase_id`, `passenger_id`, `seat_type_id`, `seat_id`, `flight_id`) VALUES (285, 18, 262, 3, NULL, 4);
INSERT INTO `boarding_pass` (`boarding_pass_id`, `purchase_id`, `passenger_id`, `seat_type_id`, `seat_id`, `flight_id`) VALUES (286, 70, 454, 3, 266, 3);
INSERT INTO `boarding_pass` (`boarding_pass_id`, `purchase_id`, `passenger_id`, `seat_type_id`, `seat_id`, `flight_id`) VALUES (287, 111, 20, 3, NULL, 1);
INSERT INTO `boarding_pass` (`boarding_pass_id`, `purchase_id`, `passenger_id`, `seat_type_id`, `seat_id`, `flight_id`) VALUES (288, 168, 95, 2, NULL, 2);
INSERT INTO `boarding_pass` (`boarding_pass_id`, `purchase_id`, `passenger_id`, `seat_type_id`, `seat_id`, `flight_id`) VALUES (289, 6, 74, 1, 161, 3);
INSERT INTO `boarding_pass` (`boarding_pass_id`, `purchase_id`, `passenger_id`, `seat_type_id`, `seat_id`, `flight_id`) VALUES (290, 12, 336, 3, NULL, 2);
INSERT INTO `boarding_pass` (`boarding_pass_id`, `purchase_id`, `passenger_id`, `seat_type_id`, `seat_id`, `flight_id`) VALUES (291, 31, 543, 3, NULL, 3);
INSERT INTO `boarding_pass` (`boarding_pass_id`, `purchase_id`, `passenger_id`, `seat_type_id`, `seat_id`, `flight_id`) VALUES (292, 119, 150, 2, 254, 3);
INSERT INTO `boarding_pass` (`boarding_pass_id`, `purchase_id`, `passenger_id`, `seat_type_id`, `seat_id`, `flight_id`) VALUES (293, 95, 208, 3, 216, 2);
INSERT INTO `boarding_pass` (`boarding_pass_id`, `purchase_id`, `passenger_id`, `seat_type_id`, `seat_id`, `flight_id`) VALUES (294, 87, 8, 2, NULL, 2);
INSERT INTO `boarding_pass` (`boarding_pass_id`, `purchase_id`, `passenger_id`, `seat_type_id`, `seat_id`, `flight_id`) VALUES (295, 128, 569, 3, NULL, 4);
INSERT INTO `boarding_pass` (`boarding_pass_id`, `purchase_id`, `passenger_id`, `seat_type_id`, `seat_id`, `flight_id`) VALUES (296, 86, 337, 2, NULL, 3);
INSERT INTO `boarding_pass` (`boarding_pass_id`, `purchase_id`, `passenger_id`, `seat_type_id`, `seat_id`, `flight_id`) VALUES (297, 66, 64, 3, NULL, 2);
INSERT INTO `boarding_pass` (`boarding_pass_id`, `purchase_id`, `passenger_id`, `seat_type_id`, `seat_id`, `flight_id`) VALUES (298, 89, 551, 2, 61, 4);
INSERT INTO `boarding_pass` (`boarding_pass_id`, `purchase_id`, `passenger_id`, `seat_type_id`, `seat_id`, `flight_id`) VALUES (299, 131, 80, 3, 122, 1);
INSERT INTO `boarding_pass` (`boarding_pass_id`, `purchase_id`, `passenger_id`, `seat_type_id`, `seat_id`, `flight_id`) VALUES (300, 95, 408, 3, NULL, 2);
INSERT INTO `boarding_pass` (`boarding_pass_id`, `purchase_id`, `passenger_id`, `seat_type_id`, `seat_id`, `flight_id`) VALUES (301, 144, 170, 3, 70, 4);
INSERT INTO `boarding_pass` (`boarding_pass_id`, `purchase_id`, `passenger_id`, `seat_type_id`, `seat_id`, `flight_id`) VALUES (302, 158, 198, 3, NULL, 1);
INSERT INTO `boarding_pass` (`boarding_pass_id`, `purchase_id`, `passenger_id`, `seat_type_id`, `seat_id`, `flight_id`) VALUES (303, 143, 72, 3, NULL, 2);
INSERT INTO `boarding_pass` (`boarding_pass_id`, `purchase_id`, `passenger_id`, `seat_type_id`, `seat_id`, `flight_id`) VALUES (304, 139, 531, 1, 293, 2);
INSERT INTO `boarding_pass` (`boarding_pass_id`, `purchase_id`, `passenger_id`, `seat_type_id`, `seat_id`, `flight_id`) VALUES (305, 160, 487, 3, NULL, 4);
INSERT INTO `boarding_pass` (`boarding_pass_id`, `purchase_id`, `passenger_id`, `seat_type_id`, `seat_id`, `flight_id`) VALUES (306, 108, 256, 2, NULL, 1);
INSERT INTO `boarding_pass` (`boarding_pass_id`, `purchase_id`, `passenger_id`, `seat_type_id`, `seat_id`, `flight_id`) VALUES (307, 29, 498, 3, 119, 1);
INSERT INTO `boarding_pass` (`boarding_pass_id`, `purchase_id`, `passenger_id`, `seat_type_id`, `seat_id`, `flight_id`) VALUES (308, 183, 338, 2, NULL, 2);
INSERT INTO `boarding_pass` (`boarding_pass_id`, `purchase_id`, `passenger_id`, `seat_type_id`, `seat_id`, `flight_id`) VALUES (309, 145, 559, 3, NULL, 1);
INSERT INTO `boarding_pass` (`boarding_pass_id`, `purchase_id`, `passenger_id`, `seat_type_id`, `seat_id`, `flight_id`) VALUES (310, 203, 225, 3, NULL, 2);
INSERT INTO `boarding_pass` (`boarding_pass_id`, `purchase_id`, `passenger_id`, `seat_type_id`, `seat_id`, `flight_id`) VALUES (311, 84, 419, 3, NULL, 4);
INSERT INTO `boarding_pass` (`boarding_pass_id`, `purchase_id`, `passenger_id`, `seat_type_id`, `seat_id`, `flight_id`) VALUES (312, 98, 118, 3, NULL, 2);
INSERT INTO `boarding_pass` (`boarding_pass_id`, `purchase_id`, `passenger_id`, `seat_type_id`, `seat_id`, `flight_id`) VALUES (313, 140, 128, 3, NULL, 2);
INSERT INTO `boarding_pass` (`boarding_pass_id`, `purchase_id`, `passenger_id`, `seat_type_id`, `seat_id`, `flight_id`) VALUES (314, 6, 291, 1, 162, 3);
INSERT INTO `boarding_pass` (`boarding_pass_id`, `purchase_id`, `passenger_id`, `seat_type_id`, `seat_id`, `flight_id`) VALUES (315, 13, 28, 2, NULL, 2);
INSERT INTO `boarding_pass` (`boarding_pass_id`, `purchase_id`, `passenger_id`, `seat_type_id`, `seat_id`, `flight_id`) VALUES (316, 96, 399, 2, NULL, 1);
INSERT INTO `boarding_pass` (`boarding_pass_id`, `purchase_id`, `passenger_id`, `seat_type_id`, `seat_id`, `flight_id`) VALUES (317, 66, 354, 3, NULL, 2);
INSERT INTO `boarding_pass` (`boarding_pass_id`, `purchase_id`, `passenger_id`, `seat_type_id`, `seat_id`, `flight_id`) VALUES (318, 122, 452, 2, NULL, 3);
INSERT INTO `boarding_pass` (`boarding_pass_id`, `purchase_id`, `passenger_id`, `seat_type_id`, `seat_id`, `flight_id`) VALUES (319, 128, 160, 3, NULL, 4);
INSERT INTO `boarding_pass` (`boarding_pass_id`, `purchase_id`, `passenger_id`, `seat_type_id`, `seat_id`, `flight_id`) VALUES (320, 146, 519, 3, NULL, 2);
INSERT INTO `boarding_pass` (`boarding_pass_id`, `purchase_id`, `passenger_id`, `seat_type_id`, `seat_id`, `flight_id`) VALUES (321, 137, 474, 3, NULL, 1);
INSERT INTO `boarding_pass` (`boarding_pass_id`, `purchase_id`, `passenger_id`, `seat_type_id`, `seat_id`, `flight_id`) VALUES (322, 37, 466, 1, 226, 3);
INSERT INTO `boarding_pass` (`boarding_pass_id`, `purchase_id`, `passenger_id`, `seat_type_id`, `seat_id`, `flight_id`) VALUES (323, 111, 53, 3, NULL, 1);
INSERT INTO `boarding_pass` (`boarding_pass_id`, `purchase_id`, `passenger_id`, `seat_type_id`, `seat_id`, `flight_id`) VALUES (324, 137, 79, 3, NULL, 1);
INSERT INTO `boarding_pass` (`boarding_pass_id`, `purchase_id`, `passenger_id`, `seat_type_id`, `seat_id`, `flight_id`) VALUES (325, 112, 357, 2, NULL, 3);
INSERT INTO `boarding_pass` (`boarding_pass_id`, `purchase_id`, `passenger_id`, `seat_type_id`, `seat_id`, `flight_id`) VALUES (326, 170, 77, 3, NULL, 2);
INSERT INTO `boarding_pass` (`boarding_pass_id`, `purchase_id`, `passenger_id`, `seat_type_id`, `seat_id`, `flight_id`) VALUES (327, 104, 56, 2, 209, 3);
INSERT INTO `boarding_pass` (`boarding_pass_id`, `purchase_id`, `passenger_id`, `seat_type_id`, `seat_id`, `flight_id`) VALUES (328, 36, 347, 1, 161, 2);
INSERT INTO `boarding_pass` (`boarding_pass_id`, `purchase_id`, `passenger_id`, `seat_type_id`, `seat_id`, `flight_id`) VALUES (329, 88, 418, 3, NULL, 3);
INSERT INTO `boarding_pass` (`boarding_pass_id`, `purchase_id`, `passenger_id`, `seat_type_id`, `seat_id`, `flight_id`) VALUES (330, 19, 436, 3, NULL, 2);
INSERT INTO `boarding_pass` (`boarding_pass_id`, `purchase_id`, `passenger_id`, `seat_type_id`, `seat_id`, `flight_id`) VALUES (331, 53, 479, 3, NULL, 4);
INSERT INTO `boarding_pass` (`boarding_pass_id`, `purchase_id`, `passenger_id`, `seat_type_id`, `seat_id`, `flight_id`) VALUES (332, 25, 433, 3, NULL, 2);
INSERT INTO `boarding_pass` (`boarding_pass_id`, `purchase_id`, `passenger_id`, `seat_type_id`, `seat_id`, `flight_id`) VALUES (333, 166, 43, 2, 186, 2);
INSERT INTO `boarding_pass` (`boarding_pass_id`, `purchase_id`, `passenger_id`, `seat_type_id`, `seat_id`, `flight_id`) VALUES (334, 30, 37, 3, 123, 4);
INSERT INTO `boarding_pass` (`boarding_pass_id`, `purchase_id`, `passenger_id`, `seat_type_id`, `seat_id`, `flight_id`) VALUES (335, 180, 78, 3, NULL, 1);
INSERT INTO `boarding_pass` (`boarding_pass_id`, `purchase_id`, `passenger_id`, `seat_type_id`, `seat_id`, `flight_id`) VALUES (336, 137, 151, 3, NULL, 1);
INSERT INTO `boarding_pass` (`boarding_pass_id`, `purchase_id`, `passenger_id`, `seat_type_id`, `seat_id`, `flight_id`) VALUES (337, 91, 490, 3, NULL, 3);
INSERT INTO `boarding_pass` (`boarding_pass_id`, `purchase_id`, `passenger_id`, `seat_type_id`, `seat_id`, `flight_id`) VALUES (338, 62, 469, 3, NULL, 4);
INSERT INTO `boarding_pass` (`boarding_pass_id`, `purchase_id`, `passenger_id`, `seat_type_id`, `seat_id`, `flight_id`) VALUES (339, 24, 323, 3, NULL, 4);
INSERT INTO `boarding_pass` (`boarding_pass_id`, `purchase_id`, `passenger_id`, `seat_type_id`, `seat_id`, `flight_id`) VALUES (340, 98, 494, 3, NULL, 2);
INSERT INTO `boarding_pass` (`boarding_pass_id`, `purchase_id`, `passenger_id`, `seat_type_id`, `seat_id`, `flight_id`) VALUES (341, 142, 191, 2, NULL, 3);
INSERT INTO `boarding_pass` (`boarding_pass_id`, `purchase_id`, `passenger_id`, `seat_type_id`, `seat_id`, `flight_id`) VALUES (342, 54, 520, 2, NULL, 2);
INSERT INTO `boarding_pass` (`boarding_pass_id`, `purchase_id`, `passenger_id`, `seat_type_id`, `seat_id`, `flight_id`) VALUES (343, 123, 295, 3, NULL, 3);
INSERT INTO `boarding_pass` (`boarding_pass_id`, `purchase_id`, `passenger_id`, `seat_type_id`, `seat_id`, `flight_id`) VALUES (344, 17, 164, 2, NULL, 4);
INSERT INTO `boarding_pass` (`boarding_pass_id`, `purchase_id`, `passenger_id`, `seat_type_id`, `seat_id`, `flight_id`) VALUES (345, 188, 23, 3, NULL, 2);
INSERT INTO `boarding_pass` (`boarding_pass_id`, `purchase_id`, `passenger_id`, `seat_type_id`, `seat_id`, `flight_id`) VALUES (346, 192, 280, 1, 291, 3);
INSERT INTO `boarding_pass` (`boarding_pass_id`, `purchase_id`, `passenger_id`, `seat_type_id`, `seat_id`, `flight_id`) VALUES (347, 83, 76, 3, NULL, 2);
INSERT INTO `boarding_pass` (`boarding_pass_id`, `purchase_id`, `passenger_id`, `seat_type_id`, `seat_id`, `flight_id`) VALUES (348, 163, 346, 3, NULL, 1);
INSERT INTO `boarding_pass` (`boarding_pass_id`, `purchase_id`, `passenger_id`, `seat_type_id`, `seat_id`, `flight_id`) VALUES (349, 79, 220, 2, NULL, 1);
INSERT INTO `boarding_pass` (`boarding_pass_id`, `purchase_id`, `passenger_id`, `seat_type_id`, `seat_id`, `flight_id`) VALUES (350, 6, 528, 1, 163, 3);
INSERT INTO `boarding_pass` (`boarding_pass_id`, `purchase_id`, `passenger_id`, `seat_type_id`, `seat_id`, `flight_id`) VALUES (351, 60, 202, 3, 152, 4);
INSERT INTO `boarding_pass` (`boarding_pass_id`, `purchase_id`, `passenger_id`, `seat_type_id`, `seat_id`, `flight_id`) VALUES (352, 182, 308, 1, 134, 1);
INSERT INTO `boarding_pass` (`boarding_pass_id`, `purchase_id`, `passenger_id`, `seat_type_id`, `seat_id`, `flight_id`) VALUES (353, 19, 381, 3, NULL, 2);
INSERT INTO `boarding_pass` (`boarding_pass_id`, `purchase_id`, `passenger_id`, `seat_type_id`, `seat_id`, `flight_id`) VALUES (354, 40, 73, 3, NULL, 3);
INSERT INTO `boarding_pass` (`boarding_pass_id`, `purchase_id`, `passenger_id`, `seat_type_id`, `seat_id`, `flight_id`) VALUES (355, 172, 378, 3, NULL, 4);
INSERT INTO `boarding_pass` (`boarding_pass_id`, `purchase_id`, `passenger_id`, `seat_type_id`, `seat_id`, `flight_id`) VALUES (356, 190, 266, 3, NULL, 3);
INSERT INTO `boarding_pass` (`boarding_pass_id`, `purchase_id`, `passenger_id`, `seat_type_id`, `seat_id`, `flight_id`) VALUES (357, 197, 422, 3, 47, 1);
INSERT INTO `boarding_pass` (`boarding_pass_id`, `purchase_id`, `passenger_id`, `seat_type_id`, `seat_id`, `flight_id`) VALUES (358, 180, 64, 3, NULL, 1);
INSERT INTO `boarding_pass` (`boarding_pass_id`, `purchase_id`, `passenger_id`, `seat_type_id`, `seat_id`, `flight_id`) VALUES (359, 10, 215, 3, NULL, 1);
INSERT INTO `boarding_pass` (`boarding_pass_id`, `purchase_id`, `passenger_id`, `seat_type_id`, `seat_id`, `flight_id`) VALUES (360, 36, 179, 1, 165, 2);
INSERT INTO `boarding_pass` (`boarding_pass_id`, `purchase_id`, `passenger_id`, `seat_type_id`, `seat_id`, `flight_id`) VALUES (361, 165, 553, 3, NULL, 4);
INSERT INTO `boarding_pass` (`boarding_pass_id`, `purchase_id`, `passenger_id`, `seat_type_id`, `seat_id`, `flight_id`) VALUES (362, 7, 2, 3, NULL, 2);
INSERT INTO `boarding_pass` (`boarding_pass_id`, `purchase_id`, `passenger_id`, `seat_type_id`, `seat_id`, `flight_id`) VALUES (363, 190, 311, 3, NULL, 3);
INSERT INTO `boarding_pass` (`boarding_pass_id`, `purchase_id`, `passenger_id`, `seat_type_id`, `seat_id`, `flight_id`) VALUES (364, 176, 383, 3, NULL, 3);
INSERT INTO `boarding_pass` (`boarding_pass_id`, `purchase_id`, `passenger_id`, `seat_type_id`, `seat_id`, `flight_id`) VALUES (365, 171, 567, 2, NULL, 4);
INSERT INTO `boarding_pass` (`boarding_pass_id`, `purchase_id`, `passenger_id`, `seat_type_id`, `seat_id`, `flight_id`) VALUES (366, 188, 27, 3, NULL, 2);
INSERT INTO `boarding_pass` (`boarding_pass_id`, `purchase_id`, `passenger_id`, `seat_type_id`, `seat_id`, `flight_id`) VALUES (367, 163, 445, 3, NULL, 1);
INSERT INTO `boarding_pass` (`boarding_pass_id`, `purchase_id`, `passenger_id`, `seat_type_id`, `seat_id`, `flight_id`) VALUES (368, 85, 333, 3, NULL, 3);
INSERT INTO `boarding_pass` (`boarding_pass_id`, `purchase_id`, `passenger_id`, `seat_type_id`, `seat_id`, `flight_id`) VALUES (369, 36, 60, 1, 163, 2);
INSERT INTO `boarding_pass` (`boarding_pass_id`, `purchase_id`, `passenger_id`, `seat_type_id`, `seat_id`, `flight_id`) VALUES (370, 191, 370, 2, NULL, 4);
INSERT INTO `boarding_pass` (`boarding_pass_id`, `purchase_id`, `passenger_id`, `seat_type_id`, `seat_id`, `flight_id`) VALUES (371, 158, 471, 3, NULL, 1);
INSERT INTO `boarding_pass` (`boarding_pass_id`, `purchase_id`, `passenger_id`, `seat_type_id`, `seat_id`, `flight_id`) VALUES (372, 118, 206, 3, NULL, 1);
INSERT INTO `boarding_pass` (`boarding_pass_id`, `purchase_id`, `passenger_id`, `seat_type_id`, `seat_id`, `flight_id`) VALUES (373, 107, 302, 3, NULL, 1);
INSERT INTO `boarding_pass` (`boarding_pass_id`, `purchase_id`, `passenger_id`, `seat_type_id`, `seat_id`, `flight_id`) VALUES (374, 172, 393, 3, NULL, 4);
INSERT INTO `boarding_pass` (`boarding_pass_id`, `purchase_id`, `passenger_id`, `seat_type_id`, `seat_id`, `flight_id`) VALUES (375, 150, 451, 1, 30, 4);
INSERT INTO `boarding_pass` (`boarding_pass_id`, `purchase_id`, `passenger_id`, `seat_type_id`, `seat_id`, `flight_id`) VALUES (376, 88, 125, 3, 312, 3);
INSERT INTO `boarding_pass` (`boarding_pass_id`, `purchase_id`, `passenger_id`, `seat_type_id`, `seat_id`, `flight_id`) VALUES (377, 175, 152, 2, NULL, 2);
INSERT INTO `boarding_pass` (`boarding_pass_id`, `purchase_id`, `passenger_id`, `seat_type_id`, `seat_id`, `flight_id`) VALUES (378, 72, 3, 3, NULL, 2);
INSERT INTO `boarding_pass` (`boarding_pass_id`, `purchase_id`, `passenger_id`, `seat_type_id`, `seat_id`, `flight_id`) VALUES (379, 162, 431, 2, NULL, 3);
INSERT INTO `boarding_pass` (`boarding_pass_id`, `purchase_id`, `passenger_id`, `seat_type_id`, `seat_id`, `flight_id`) VALUES (380, 31, 503, 3, NULL, 3);
INSERT INTO `boarding_pass` (`boarding_pass_id`, `purchase_id`, `passenger_id`, `seat_type_id`, `seat_id`, `flight_id`) VALUES (381, 110, 453, 3, NULL, 3);
INSERT INTO `boarding_pass` (`boarding_pass_id`, `purchase_id`, `passenger_id`, `seat_type_id`, `seat_id`, `flight_id`) VALUES (382, 114, 482, 2, NULL, 4);
INSERT INTO `boarding_pass` (`boarding_pass_id`, `purchase_id`, `passenger_id`, `seat_type_id`, `seat_id`, `flight_id`) VALUES (383, 105, 35, 3, NULL, 3);
INSERT INTO `boarding_pass` (`boarding_pass_id`, `purchase_id`, `passenger_id`, `seat_type_id`, `seat_id`, `flight_id`) VALUES (384, 122, 285, 2, NULL, 3);
INSERT INTO `boarding_pass` (`boarding_pass_id`, `purchase_id`, `passenger_id`, `seat_type_id`, `seat_id`, `flight_id`) VALUES (385, 112, 135, 2, NULL, 3);
INSERT INTO `boarding_pass` (`boarding_pass_id`, `purchase_id`, `passenger_id`, `seat_type_id`, `seat_id`, `flight_id`) VALUES (386, 99, 130, 2, NULL, 2);
INSERT INTO `boarding_pass` (`boarding_pass_id`, `purchase_id`, `passenger_id`, `seat_type_id`, `seat_id`, `flight_id`) VALUES (387, 160, 532, 3, NULL, 4);
INSERT INTO `boarding_pass` (`boarding_pass_id`, `purchase_id`, `passenger_id`, `seat_type_id`, `seat_id`, `flight_id`) VALUES (388, 1, 442, 3, NULL, 4);
INSERT INTO `boarding_pass` (`boarding_pass_id`, `purchase_id`, `passenger_id`, `seat_type_id`, `seat_id`, `flight_id`) VALUES (389, 124, 368, 2, NULL, 1);
INSERT INTO `boarding_pass` (`boarding_pass_id`, `purchase_id`, `passenger_id`, `seat_type_id`, `seat_id`, `flight_id`) VALUES (390, 119, 542, 2, 256, 3);
INSERT INTO `boarding_pass` (`boarding_pass_id`, `purchase_id`, `passenger_id`, `seat_type_id`, `seat_id`, `flight_id`) VALUES (391, 91, 564, 3, NULL, 3);
INSERT INTO `boarding_pass` (`boarding_pass_id`, `purchase_id`, `passenger_id`, `seat_type_id`, `seat_id`, `flight_id`) VALUES (392, 137, 248, 3, NULL, 1);
INSERT INTO `boarding_pass` (`boarding_pass_id`, `purchase_id`, `passenger_id`, `seat_type_id`, `seat_id`, `flight_id`) VALUES (393, 68, 364, 2, NULL, 4);
INSERT INTO `boarding_pass` (`boarding_pass_id`, `purchase_id`, `passenger_id`, `seat_type_id`, `seat_id`, `flight_id`) VALUES (394, 10, 134, 3, NULL, 1);
INSERT INTO `boarding_pass` (`boarding_pass_id`, `purchase_id`, `passenger_id`, `seat_type_id`, `seat_id`, `flight_id`) VALUES (395, 85, 377, 3, NULL, 3);
INSERT INTO `boarding_pass` (`boarding_pass_id`, `purchase_id`, `passenger_id`, `seat_type_id`, `seat_id`, `flight_id`) VALUES (396, 115, 565, 1, 230, 2);
INSERT INTO `boarding_pass` (`boarding_pass_id`, `purchase_id`, `passenger_id`, `seat_type_id`, `seat_id`, `flight_id`) VALUES (397, 187, 392, 2, NULL, 1);
INSERT INTO `boarding_pass` (`boarding_pass_id`, `purchase_id`, `passenger_id`, `seat_type_id`, `seat_id`, `flight_id`) VALUES (398, 186, 547, 3, NULL, 3);
INSERT INTO `boarding_pass` (`boarding_pass_id`, `purchase_id`, `passenger_id`, `seat_type_id`, `seat_id`, `flight_id`) VALUES (399, 188, 33, 3, NULL, 2);
INSERT INTO `boarding_pass` (`boarding_pass_id`, `purchase_id`, `passenger_id`, `seat_type_id`, `seat_id`, `flight_id`) VALUES (400, 157, 104, 1, 230, 3);
INSERT INTO `boarding_pass` (`boarding_pass_id`, `purchase_id`, `passenger_id`, `seat_type_id`, `seat_id`, `flight_id`) VALUES (401, 90, 22, 3, NULL, 2);
INSERT INTO `boarding_pass` (`boarding_pass_id`, `purchase_id`, `passenger_id`, `seat_type_id`, `seat_id`, `flight_id`) VALUES (402, 73, 325, 2, NULL, 4);
INSERT INTO `boarding_pass` (`boarding_pass_id`, `purchase_id`, `passenger_id`, `seat_type_id`, `seat_id`, `flight_id`) VALUES (403, 100, 55, 2, NULL, 3);
INSERT INTO `boarding_pass` (`boarding_pass_id`, `purchase_id`, `passenger_id`, `seat_type_id`, `seat_id`, `flight_id`) VALUES (404, 73, 139, 2, 140, 4);
INSERT INTO `boarding_pass` (`boarding_pass_id`, `purchase_id`, `passenger_id`, `seat_type_id`, `seat_id`, `flight_id`) VALUES (405, 67, 18, 3, NULL, 3);
INSERT INTO `boarding_pass` (`boarding_pass_id`, `purchase_id`, `passenger_id`, `seat_type_id`, `seat_id`, `flight_id`) VALUES (406, 202, 238, 1, 292, 3);
INSERT INTO `boarding_pass` (`boarding_pass_id`, `purchase_id`, `passenger_id`, `seat_type_id`, `seat_id`, `flight_id`) VALUES (407, 107, 450, 3, NULL, 1);
INSERT INTO `boarding_pass` (`boarding_pass_id`, `purchase_id`, `passenger_id`, `seat_type_id`, `seat_id`, `flight_id`) VALUES (408, 137, 464, 3, NULL, 1);
INSERT INTO `boarding_pass` (`boarding_pass_id`, `purchase_id`, `passenger_id`, `seat_type_id`, `seat_id`, `flight_id`) VALUES (409, 144, 398, 3, 71, 4);
INSERT INTO `boarding_pass` (`boarding_pass_id`, `purchase_id`, `passenger_id`, `seat_type_id`, `seat_id`, `flight_id`) VALUES (410, 106, 550, 2, 59, 1);
INSERT INTO `boarding_pass` (`boarding_pass_id`, `purchase_id`, `passenger_id`, `seat_type_id`, `seat_id`, `flight_id`) VALUES (411, 181, 159, 2, NULL, 2);
INSERT INTO `boarding_pass` (`boarding_pass_id`, `purchase_id`, `passenger_id`, `seat_type_id`, `seat_id`, `flight_id`) VALUES (412, 2, 521, 3, NULL, 4);
INSERT INTO `boarding_pass` (`boarding_pass_id`, `purchase_id`, `passenger_id`, `seat_type_id`, `seat_id`, `flight_id`) VALUES (413, 118, 263, 3, NULL, 1);
INSERT INTO `boarding_pass` (`boarding_pass_id`, `purchase_id`, `passenger_id`, `seat_type_id`, `seat_id`, `flight_id`) VALUES (414, 136, 416, 2, NULL, 1);
INSERT INTO `boarding_pass` (`boarding_pass_id`, `purchase_id`, `passenger_id`, `seat_type_id`, `seat_id`, `flight_id`) VALUES (415, 87, 493, 2, NULL, 2);
INSERT INTO `boarding_pass` (`boarding_pass_id`, `purchase_id`, `passenger_id`, `seat_type_id`, `seat_id`, `flight_id`) VALUES (416, 159, 204, 2, NULL, 2);
INSERT INTO `boarding_pass` (`boarding_pass_id`, `purchase_id`, `passenger_id`, `seat_type_id`, `seat_id`, `flight_id`) VALUES (417, 186, 355, 3, NULL, 3);
INSERT INTO `boarding_pass` (`boarding_pass_id`, `purchase_id`, `passenger_id`, `seat_type_id`, `seat_id`, `flight_id`) VALUES (418, 12, 497, 3, NULL, 2);
INSERT INTO `boarding_pass` (`boarding_pass_id`, `purchase_id`, `passenger_id`, `seat_type_id`, `seat_id`, `flight_id`) VALUES (419, 97, 331, 3, NULL, 4);
INSERT INTO `boarding_pass` (`boarding_pass_id`, `purchase_id`, `passenger_id`, `seat_type_id`, `seat_id`, `flight_id`) VALUES (420, 73, 467, 2, NULL, 4);
INSERT INTO `boarding_pass` (`boarding_pass_id`, `purchase_id`, `passenger_id`, `seat_type_id`, `seat_id`, `flight_id`) VALUES (421, 65, 321, 2, NULL, 3);
INSERT INTO `boarding_pass` (`boarding_pass_id`, `purchase_id`, `passenger_id`, `seat_type_id`, `seat_id`, `flight_id`) VALUES (422, 77, 538, 3, NULL, 1);
INSERT INTO `boarding_pass` (`boarding_pass_id`, `purchase_id`, `passenger_id`, `seat_type_id`, `seat_id`, `flight_id`) VALUES (423, 194, 166, 3, NULL, 1);
INSERT INTO `boarding_pass` (`boarding_pass_id`, `purchase_id`, `passenger_id`, `seat_type_id`, `seat_id`, `flight_id`) VALUES (424, 9, 190, 3, NULL, 4);
INSERT INTO `boarding_pass` (`boarding_pass_id`, `purchase_id`, `passenger_id`, `seat_type_id`, `seat_id`, `flight_id`) VALUES (425, 98, 126, 3, NULL, 2);
INSERT INTO `boarding_pass` (`boarding_pass_id`, `purchase_id`, `passenger_id`, `seat_type_id`, `seat_id`, `flight_id`) VALUES (426, 13, 143, 2, NULL, 2);
INSERT INTO `boarding_pass` (`boarding_pass_id`, `purchase_id`, `passenger_id`, `seat_type_id`, `seat_id`, `flight_id`) VALUES (427, 4, 488, 2, 110, 1);
INSERT INTO `boarding_pass` (`boarding_pass_id`, `purchase_id`, `passenger_id`, `seat_type_id`, `seat_id`, `flight_id`) VALUES (428, 23, 463, 3, NULL, 1);
INSERT INTO `boarding_pass` (`boarding_pass_id`, `purchase_id`, `passenger_id`, `seat_type_id`, `seat_id`, `flight_id`) VALUES (429, 173, 380, 1, 108, 1);
INSERT INTO `boarding_pass` (`boarding_pass_id`, `purchase_id`, `passenger_id`, `seat_type_id`, `seat_id`, `flight_id`) VALUES (430, 187, 224, 2, NULL, 1);
INSERT INTO `boarding_pass` (`boarding_pass_id`, `purchase_id`, `passenger_id`, `seat_type_id`, `seat_id`, `flight_id`) VALUES (431, 176, 342, 3, NULL, 3);
INSERT INTO `boarding_pass` (`boarding_pass_id`, `purchase_id`, `passenger_id`, `seat_type_id`, `seat_id`, `flight_id`) VALUES (432, 65, 61, 2, NULL, 3);
INSERT INTO `boarding_pass` (`boarding_pass_id`, `purchase_id`, `passenger_id`, `seat_type_id`, `seat_id`, `flight_id`) VALUES (433, 122, 508, 2, 166, 3);
INSERT INTO `boarding_pass` (`boarding_pass_id`, `purchase_id`, `passenger_id`, `seat_type_id`, `seat_id`, `flight_id`) VALUES (434, 103, 250, 3, NULL, 2);
INSERT INTO `boarding_pass` (`boarding_pass_id`, `purchase_id`, `passenger_id`, `seat_type_id`, `seat_id`, `flight_id`) VALUES (435, 34, 219, 3, NULL, 1);
INSERT INTO `boarding_pass` (`boarding_pass_id`, `purchase_id`, `passenger_id`, `seat_type_id`, `seat_id`, `flight_id`) VALUES (436, 139, 528, 1, 292, 2);
INSERT INTO `boarding_pass` (`boarding_pass_id`, `purchase_id`, `passenger_id`, `seat_type_id`, `seat_id`, `flight_id`) VALUES (437, 57, 40, 3, NULL, 3);
INSERT INTO `boarding_pass` (`boarding_pass_id`, `purchase_id`, `passenger_id`, `seat_type_id`, `seat_id`, `flight_id`) VALUES (438, 152, 233, 2, NULL, 1);
INSERT INTO `boarding_pass` (`boarding_pass_id`, `purchase_id`, `passenger_id`, `seat_type_id`, `seat_id`, `flight_id`) VALUES (439, 172, 288, 3, NULL, 4);
INSERT INTO `boarding_pass` (`boarding_pass_id`, `purchase_id`, `passenger_id`, `seat_type_id`, `seat_id`, `flight_id`) VALUES (440, 26, 401, 3, NULL, 2);
INSERT INTO `boarding_pass` (`boarding_pass_id`, `purchase_id`, `passenger_id`, `seat_type_id`, `seat_id`, `flight_id`) VALUES (441, 193, 425, 2, NULL, 2);
INSERT INTO `boarding_pass` (`boarding_pass_id`, `purchase_id`, `passenger_id`, `seat_type_id`, `seat_id`, `flight_id`) VALUES (442, 85, 271, 3, NULL, 3);
INSERT INTO `boarding_pass` (`boarding_pass_id`, `purchase_id`, `passenger_id`, `seat_type_id`, `seat_id`, `flight_id`) VALUES (443, 194, 160, 3, NULL, 1);
INSERT INTO `boarding_pass` (`boarding_pass_id`, `purchase_id`, `passenger_id`, `seat_type_id`, `seat_id`, `flight_id`) VALUES (444, 105, 421, 3, NULL, 3);
INSERT INTO `boarding_pass` (`boarding_pass_id`, `purchase_id`, `passenger_id`, `seat_type_id`, `seat_id`, `flight_id`) VALUES (445, 92, 427, 3, NULL, 3);
INSERT INTO `boarding_pass` (`boarding_pass_id`, `purchase_id`, `passenger_id`, `seat_type_id`, `seat_id`, `flight_id`) VALUES (446, 203, 54, 3, NULL, 2);
INSERT INTO `boarding_pass` (`boarding_pass_id`, `purchase_id`, `passenger_id`, `seat_type_id`, `seat_id`, `flight_id`) VALUES (447, 189, 222, 3, NULL, 4);
INSERT INTO `boarding_pass` (`boarding_pass_id`, `purchase_id`, `passenger_id`, `seat_type_id`, `seat_id`, `flight_id`) VALUES (448, 117, 315, 3, NULL, 1);
INSERT INTO `boarding_pass` (`boarding_pass_id`, `purchase_id`, `passenger_id`, `seat_type_id`, `seat_id`, `flight_id`) VALUES (449, 70, 562, 3, 265, 3);
INSERT INTO `boarding_pass` (`boarding_pass_id`, `purchase_id`, `passenger_id`, `seat_type_id`, `seat_id`, `flight_id`) VALUES (450, 167, 369, 2, NULL, 1);
INSERT INTO `boarding_pass` (`boarding_pass_id`, `purchase_id`, `passenger_id`, `seat_type_id`, `seat_id`, `flight_id`) VALUES (451, 109, 161, 1, 31, 1);
INSERT INTO `boarding_pass` (`boarding_pass_id`, `purchase_id`, `passenger_id`, `seat_type_id`, `seat_id`, `flight_id`) VALUES (452, 158, 85, 3, NULL, 1);
INSERT INTO `boarding_pass` (`boarding_pass_id`, `purchase_id`, `passenger_id`, `seat_type_id`, `seat_id`, `flight_id`) VALUES (453, 35, 566, 3, NULL, 4);
INSERT INTO `boarding_pass` (`boarding_pass_id`, `purchase_id`, `passenger_id`, `seat_type_id`, `seat_id`, `flight_id`) VALUES (454, 48, 194, 2, NULL, 2);
INSERT INTO `boarding_pass` (`boarding_pass_id`, `purchase_id`, `passenger_id`, `seat_type_id`, `seat_id`, `flight_id`) VALUES (455, 81, 512, 2, NULL, 2);
INSERT INTO `boarding_pass` (`boarding_pass_id`, `purchase_id`, `passenger_id`, `seat_type_id`, `seat_id`, `flight_id`) VALUES (456, 5, 394, 3, NULL, 3);
INSERT INTO `boarding_pass` (`boarding_pass_id`, `purchase_id`, `passenger_id`, `seat_type_id`, `seat_id`, `flight_id`) VALUES (457, 195, 235, 3, NULL, 3);
INSERT INTO `boarding_pass` (`boarding_pass_id`, `purchase_id`, `passenger_id`, `seat_type_id`, `seat_id`, `flight_id`) VALUES (458, 105, 142, 3, NULL, 3);
INSERT INTO `boarding_pass` (`boarding_pass_id`, `purchase_id`, `passenger_id`, `seat_type_id`, `seat_id`, `flight_id`) VALUES (459, 204, 548, 2, NULL, 1);
INSERT INTO `boarding_pass` (`boarding_pass_id`, `purchase_id`, `passenger_id`, `seat_type_id`, `seat_id`, `flight_id`) VALUES (460, 196, 391, 3, NULL, 3);
INSERT INTO `boarding_pass` (`boarding_pass_id`, `purchase_id`, `passenger_id`, `seat_type_id`, `seat_id`, `flight_id`) VALUES (461, 64, 522, 1, 136, 4);
INSERT INTO `boarding_pass` (`boarding_pass_id`, `purchase_id`, `passenger_id`, `seat_type_id`, `seat_id`, `flight_id`) VALUES (462, 123, 376, 3, 204, 3);
INSERT INTO `boarding_pass` (`boarding_pass_id`, `purchase_id`, `passenger_id`, `seat_type_id`, `seat_id`, `flight_id`) VALUES (463, 18, 87, 3, NULL, 4);
INSERT INTO `boarding_pass` (`boarding_pass_id`, `purchase_id`, `passenger_id`, `seat_type_id`, `seat_id`, `flight_id`) VALUES (464, 60, 372, 3, 150, 4);
INSERT INTO `boarding_pass` (`boarding_pass_id`, `purchase_id`, `passenger_id`, `seat_type_id`, `seat_id`, `flight_id`) VALUES (465, 57, 147, 3, NULL, 3);
INSERT INTO `boarding_pass` (`boarding_pass_id`, `purchase_id`, `passenger_id`, `seat_type_id`, `seat_id`, `flight_id`) VALUES (466, 10, 348, 3, NULL, 1);
INSERT INTO `boarding_pass` (`boarding_pass_id`, `purchase_id`, `passenger_id`, `seat_type_id`, `seat_id`, `flight_id`) VALUES (467, 140, 86, 3, NULL, 2);
INSERT INTO `boarding_pass` (`boarding_pass_id`, `purchase_id`, `passenger_id`, `seat_type_id`, `seat_id`, `flight_id`) VALUES (468, 85, 339, 3, NULL, 3);
INSERT INTO `boarding_pass` (`boarding_pass_id`, `purchase_id`, `passenger_id`, `seat_type_id`, `seat_id`, `flight_id`) VALUES (469, 19, 7, 3, NULL, 2);
INSERT INTO `boarding_pass` (`boarding_pass_id`, `purchase_id`, `passenger_id`, `seat_type_id`, `seat_id`, `flight_id`) VALUES (470, 190, 382, 3, NULL, 3);
INSERT INTO `boarding_pass` (`boarding_pass_id`, `purchase_id`, `passenger_id`, `seat_type_id`, `seat_id`, `flight_id`) VALUES (471, 8, 296, 3, NULL, 2);
INSERT INTO `boarding_pass` (`boarding_pass_id`, `purchase_id`, `passenger_id`, `seat_type_id`, `seat_id`, `flight_id`) VALUES (472, 58, 149, 1, 294, 3);
INSERT INTO `boarding_pass` (`boarding_pass_id`, `purchase_id`, `passenger_id`, `seat_type_id`, `seat_id`, `flight_id`) VALUES (473, 40, 329, 3, NULL, 3);
INSERT INTO `boarding_pass` (`boarding_pass_id`, `purchase_id`, `passenger_id`, `seat_type_id`, `seat_id`, `flight_id`) VALUES (474, 27, 183, 3, NULL, 1);
INSERT INTO `boarding_pass` (`boarding_pass_id`, `purchase_id`, `passenger_id`, `seat_type_id`, `seat_id`, `flight_id`) VALUES (475, 131, 124, 3, NULL, 1);
INSERT INTO `boarding_pass` (`boarding_pass_id`, `purchase_id`, `passenger_id`, `seat_type_id`, `seat_id`, `flight_id`) VALUES (476, 187, 258, 2, NULL, 1);
INSERT INTO `boarding_pass` (`boarding_pass_id`, `purchase_id`, `passenger_id`, `seat_type_id`, `seat_id`, `flight_id`) VALUES (477, 145, 387, 3, 73, 1);
INSERT INTO `boarding_pass` (`boarding_pass_id`, `purchase_id`, `passenger_id`, `seat_type_id`, `seat_id`, `flight_id`) VALUES (478, 59, 97, 3, NULL, 2);
INSERT INTO `boarding_pass` (`boarding_pass_id`, `purchase_id`, `passenger_id`, `seat_type_id`, `seat_id`, `flight_id`) VALUES (479, 119, 148, 2, 255, 3);
INSERT INTO `boarding_pass` (`boarding_pass_id`, `purchase_id`, `passenger_id`, `seat_type_id`, `seat_id`, `flight_id`) VALUES (480, 41, 373, 3, NULL, 3);
INSERT INTO `boarding_pass` (`boarding_pass_id`, `purchase_id`, `passenger_id`, `seat_type_id`, `seat_id`, `flight_id`) VALUES (481, 20, 1, 2, NULL, 3);
INSERT INTO `boarding_pass` (`boarding_pass_id`, `purchase_id`, `passenger_id`, `seat_type_id`, `seat_id`, `flight_id`) VALUES (482, 109, 82, 1, 29, 1);
INSERT INTO `boarding_pass` (`boarding_pass_id`, `purchase_id`, `passenger_id`, `seat_type_id`, `seat_id`, `flight_id`) VALUES (483, 126, 5, 2, NULL, 4);
INSERT INTO `boarding_pass` (`boarding_pass_id`, `purchase_id`, `passenger_id`, `seat_type_id`, `seat_id`, `flight_id`) VALUES (484, 185, 255, 3, NULL, 2);
INSERT INTO `boarding_pass` (`boarding_pass_id`, `purchase_id`, `passenger_id`, `seat_type_id`, `seat_id`, `flight_id`) VALUES (485, 40, 435, 3, NULL, 3);
INSERT INTO `boarding_pass` (`boarding_pass_id`, `purchase_id`, `passenger_id`, `seat_type_id`, `seat_id`, `flight_id`) VALUES (486, 176, 439, 3, NULL, 3);
INSERT INTO `boarding_pass` (`boarding_pass_id`, `purchase_id`, `passenger_id`, `seat_type_id`, `seat_id`, `flight_id`) VALUES (487, 92, 287, 3, NULL, 3);
INSERT INTO `boarding_pass` (`boarding_pass_id`, `purchase_id`, `passenger_id`, `seat_type_id`, `seat_id`, `flight_id`) VALUES (488, 113, 324, 3, NULL, 1);
INSERT INTO `boarding_pass` (`boarding_pass_id`, `purchase_id`, `passenger_id`, `seat_type_id`, `seat_id`, `flight_id`) VALUES (489, 182, 472, 1, 133, 1);
INSERT INTO `boarding_pass` (`boarding_pass_id`, `purchase_id`, `passenger_id`, `seat_type_id`, `seat_id`, `flight_id`) VALUES (490, 202, 94, 1, 293, 3);
INSERT INTO `boarding_pass` (`boarding_pass_id`, `purchase_id`, `passenger_id`, `seat_type_id`, `seat_id`, `flight_id`) VALUES (491, 49, 298, 3, NULL, 1);
INSERT INTO `boarding_pass` (`boarding_pass_id`, `purchase_id`, `passenger_id`, `seat_type_id`, `seat_id`, `flight_id`) VALUES (492, 44, 405, 2, NULL, 1);
INSERT INTO `boarding_pass` (`boarding_pass_id`, `purchase_id`, `passenger_id`, `seat_type_id`, `seat_id`, `flight_id`) VALUES (493, 52, 140, 2, NULL, 4);
INSERT INTO `boarding_pass` (`boarding_pass_id`, `purchase_id`, `passenger_id`, `seat_type_id`, `seat_id`, `flight_id`) VALUES (494, 15, 105, 2, NULL, 4);
INSERT INTO `boarding_pass` (`boarding_pass_id`, `purchase_id`, `passenger_id`, `seat_type_id`, `seat_id`, `flight_id`) VALUES (495, 184, 145, 3, NULL, 3);
INSERT INTO `boarding_pass` (`boarding_pass_id`, `purchase_id`, `passenger_id`, `seat_type_id`, `seat_id`, `flight_id`) VALUES (496, 3, 98, 3, NULL, 1);
INSERT INTO `boarding_pass` (`boarding_pass_id`, `purchase_id`, `passenger_id`, `seat_type_id`, `seat_id`, `flight_id`) VALUES (497, 126, 540, 2, NULL, 4);
INSERT INTO `boarding_pass` (`boarding_pass_id`, `purchase_id`, `passenger_id`, `seat_type_id`, `seat_id`, `flight_id`) VALUES (498, 198, 62, 1, 2, 4);
INSERT INTO `boarding_pass` (`boarding_pass_id`, `purchase_id`, `passenger_id`, `seat_type_id`, `seat_id`, `flight_id`) VALUES (499, 5, 371, 3, NULL, 3);
INSERT INTO `boarding_pass` (`boarding_pass_id`, `purchase_id`, `passenger_id`, `seat_type_id`, `seat_id`, `flight_id`) VALUES (500, 2, 185, 3, NULL, 4);
INSERT INTO `boarding_pass` (`boarding_pass_id`, `purchase_id`, `passenger_id`, `seat_type_id`, `seat_id`, `flight_id`) VALUES (501, 5, 360, 3, NULL, 3);
INSERT INTO `boarding_pass` (`boarding_pass_id`, `purchase_id`, `passenger_id`, `seat_type_id`, `seat_id`, `flight_id`) VALUES (502, 155, 109, 3, NULL, 3);
INSERT INTO `boarding_pass` (`boarding_pass_id`, `purchase_id`, `passenger_id`, `seat_type_id`, `seat_id`, `flight_id`) VALUES (503, 47, 509, 1, 2, 1);
INSERT INTO `boarding_pass` (`boarding_pass_id`, `purchase_id`, `passenger_id`, `seat_type_id`, `seat_id`, `flight_id`) VALUES (504, 3, 11, 3, NULL, 1);
INSERT INTO `boarding_pass` (`boarding_pass_id`, `purchase_id`, `passenger_id`, `seat_type_id`, `seat_id`, `flight_id`) VALUES (505, 127, 6, 3, NULL, 1);
INSERT INTO `boarding_pass` (`boarding_pass_id`, `purchase_id`, `passenger_id`, `seat_type_id`, `seat_id`, `flight_id`) VALUES (506, 111, 352, 3, NULL, 1);
INSERT INTO `boarding_pass` (`boarding_pass_id`, `purchase_id`, `passenger_id`, `seat_type_id`, `seat_id`, `flight_id`) VALUES (507, 158, 417, 3, NULL, 1);
INSERT INTO `boarding_pass` (`boarding_pass_id`, `purchase_id`, `passenger_id`, `seat_type_id`, `seat_id`, `flight_id`) VALUES (508, 196, 39, 3, NULL, 3);
INSERT INTO `boarding_pass` (`boarding_pass_id`, `purchase_id`, `passenger_id`, `seat_type_id`, `seat_id`, `flight_id`) VALUES (509, 26, 486, 3, NULL, 2);
INSERT INTO `boarding_pass` (`boarding_pass_id`, `purchase_id`, `passenger_id`, `seat_type_id`, `seat_id`, `flight_id`) VALUES (510, 121, 243, 1, 291, 2);
INSERT INTO `boarding_pass` (`boarding_pass_id`, `purchase_id`, `passenger_id`, `seat_type_id`, `seat_id`, `flight_id`) VALUES (511, 10, 176, 3, NULL, 1);
INSERT INTO `boarding_pass` (`boarding_pass_id`, `purchase_id`, `passenger_id`, `seat_type_id`, `seat_id`, `flight_id`) VALUES (512, 112, 257, 2, NULL, 3);
INSERT INTO `boarding_pass` (`boarding_pass_id`, `purchase_id`, `passenger_id`, `seat_type_id`, `seat_id`, `flight_id`) VALUES (513, 189, 112, 3, NULL, 4);
INSERT INTO `boarding_pass` (`boarding_pass_id`, `purchase_id`, `passenger_id`, `seat_type_id`, `seat_id`, `flight_id`) VALUES (514, 66, 485, 3, NULL, 2);
INSERT INTO `boarding_pass` (`boarding_pass_id`, `purchase_id`, `passenger_id`, `seat_type_id`, `seat_id`, `flight_id`) VALUES (515, 115, 226, 1, 229, 2);
INSERT INTO `boarding_pass` (`boarding_pass_id`, `purchase_id`, `passenger_id`, `seat_type_id`, `seat_id`, `flight_id`) VALUES (516, 129, 75, 2, NULL, 3);
INSERT INTO `boarding_pass` (`boarding_pass_id`, `purchase_id`, `passenger_id`, `seat_type_id`, `seat_id`, `flight_id`) VALUES (517, 9, 530, 3, NULL, 4);
INSERT INTO `boarding_pass` (`boarding_pass_id`, `purchase_id`, `passenger_id`, `seat_type_id`, `seat_id`, `flight_id`) VALUES (518, 138, 210, 3, NULL, 2);
INSERT INTO `boarding_pass` (`boarding_pass_id`, `purchase_id`, `passenger_id`, `seat_type_id`, `seat_id`, `flight_id`) VALUES (519, 151, 345, 1, 294, 2);
INSERT INTO `boarding_pass` (`boarding_pass_id`, `purchase_id`, `passenger_id`, `seat_type_id`, `seat_id`, `flight_id`) VALUES (520, 19, 303, 3, NULL, 2);
INSERT INTO `boarding_pass` (`boarding_pass_id`, `purchase_id`, `passenger_id`, `seat_type_id`, `seat_id`, `flight_id`) VALUES (521, 159, 166, 2, NULL, 2);
INSERT INTO `boarding_pass` (`boarding_pass_id`, `purchase_id`, `passenger_id`, `seat_type_id`, `seat_id`, `flight_id`) VALUES (522, 102, 491, 3, 20, 4);
INSERT INTO `boarding_pass` (`boarding_pass_id`, `purchase_id`, `passenger_id`, `seat_type_id`, `seat_id`, `flight_id`) VALUES (523, 91, 57, 3, NULL, 3);
INSERT INTO `boarding_pass` (`boarding_pass_id`, `purchase_id`, `passenger_id`, `seat_type_id`, `seat_id`, `flight_id`) VALUES (524, 194, 240, 3, NULL, 1);
INSERT INTO `boarding_pass` (`boarding_pass_id`, `purchase_id`, `passenger_id`, `seat_type_id`, `seat_id`, `flight_id`) VALUES (525, 10, 386, 3, NULL, 1);
INSERT INTO `boarding_pass` (`boarding_pass_id`, `purchase_id`, `passenger_id`, `seat_type_id`, `seat_id`, `flight_id`) VALUES (526, 175, 526, 2, NULL, 2);
INSERT INTO `boarding_pass` (`boarding_pass_id`, `purchase_id`, `passenger_id`, `seat_type_id`, `seat_id`, `flight_id`) VALUES (527, 107, 228, 3, NULL, 1);
INSERT INTO `boarding_pass` (`boarding_pass_id`, `purchase_id`, `passenger_id`, `seat_type_id`, `seat_id`, `flight_id`) VALUES (528, 116, 489, 2, 33, 1);
INSERT INTO `boarding_pass` (`boarding_pass_id`, `purchase_id`, `passenger_id`, `seat_type_id`, `seat_id`, `flight_id`) VALUES (529, 50, 332, 3, NULL, 4);
INSERT INTO `boarding_pass` (`boarding_pass_id`, `purchase_id`, `passenger_id`, `seat_type_id`, `seat_id`, `flight_id`) VALUES (530, 194, 223, 3, NULL, 1);
INSERT INTO `boarding_pass` (`boarding_pass_id`, `purchase_id`, `passenger_id`, `seat_type_id`, `seat_id`, `flight_id`) VALUES (531, 134, 237, 2, NULL, 3);
INSERT INTO `boarding_pass` (`boarding_pass_id`, `purchase_id`, `passenger_id`, `seat_type_id`, `seat_id`, `flight_id`) VALUES (532, 148, 46, 2, NULL, 2);
INSERT INTO `boarding_pass` (`boarding_pass_id`, `purchase_id`, `passenger_id`, `seat_type_id`, `seat_id`, `flight_id`) VALUES (533, 18, 310, 3, NULL, 4);
INSERT INTO `boarding_pass` (`boarding_pass_id`, `purchase_id`, `passenger_id`, `seat_type_id`, `seat_id`, `flight_id`) VALUES (534, 184, 297, 3, NULL, 3);
INSERT INTO `boarding_pass` (`boarding_pass_id`, `purchase_id`, `passenger_id`, `seat_type_id`, `seat_id`, `flight_id`) VALUES (535, 125, 561, 2, 188, 3);
INSERT INTO `boarding_pass` (`boarding_pass_id`, `purchase_id`, `passenger_id`, `seat_type_id`, `seat_id`, `flight_id`) VALUES (536, 10, 181, 3, NULL, 1);
INSERT INTO `boarding_pass` (`boarding_pass_id`, `purchase_id`, `passenger_id`, `seat_type_id`, `seat_id`, `flight_id`) VALUES (537, 127, 443, 3, 131, 1);
INSERT INTO `boarding_pass` (`boarding_pass_id`, `purchase_id`, `passenger_id`, `seat_type_id`, `seat_id`, `flight_id`) VALUES (538, 16, 148, 3, NULL, 4);
INSERT INTO `boarding_pass` (`boarding_pass_id`, `purchase_id`, `passenger_id`, `seat_type_id`, `seat_id`, `flight_id`) VALUES (539, 14, 281, 3, NULL, 2);
INSERT INTO `boarding_pass` (`boarding_pass_id`, `purchase_id`, `passenger_id`, `seat_type_id`, `seat_id`, `flight_id`) VALUES (540, 14, 349, 3, NULL, 2);
INSERT INTO `boarding_pass` (`boarding_pass_id`, `purchase_id`, `passenger_id`, `seat_type_id`, `seat_id`, `flight_id`) VALUES (541, 110, 514, 3, NULL, 3);
INSERT INTO `boarding_pass` (`boarding_pass_id`, `purchase_id`, `passenger_id`, `seat_type_id`, `seat_id`, `flight_id`) VALUES (542, 56, 105, 2, NULL, 3);
INSERT INTO `boarding_pass` (`boarding_pass_id`, `purchase_id`, `passenger_id`, `seat_type_id`, `seat_id`, `flight_id`) VALUES (543, 194, 44, 3, NULL, 1);
INSERT INTO `boarding_pass` (`boarding_pass_id`, `purchase_id`, `passenger_id`, `seat_type_id`, `seat_id`, `flight_id`) VALUES (544, 56, 251, 2, NULL, 3);
INSERT INTO `boarding_pass` (`boarding_pass_id`, `purchase_id`, `passenger_id`, `seat_type_id`, `seat_id`, `flight_id`) VALUES (545, 25, 504, 3, NULL, 2);
INSERT INTO `boarding_pass` (`boarding_pass_id`, `purchase_id`, `passenger_id`, `seat_type_id`, `seat_id`, `flight_id`) VALUES (546, 39, 213, 1, 228, 2);
INSERT INTO `boarding_pass` (`boarding_pass_id`, `purchase_id`, `passenger_id`, `seat_type_id`, `seat_id`, `flight_id`) VALUES (547, 2, 250, 3, NULL, 4);
INSERT INTO `boarding_pass` (`boarding_pass_id`, `purchase_id`, `passenger_id`, `seat_type_id`, `seat_id`, `flight_id`) VALUES (548, 63, 154, 2, NULL, 3);
INSERT INTO `boarding_pass` (`boarding_pass_id`, `purchase_id`, `passenger_id`, `seat_type_id`, `seat_id`, `flight_id`) VALUES (549, 85, 254, 3, NULL, 3);
INSERT INTO `boarding_pass` (`boarding_pass_id`, `purchase_id`, `passenger_id`, `seat_type_id`, `seat_id`, `flight_id`) VALUES (550, 4, 545, 2, NULL, 1);
INSERT INTO `boarding_pass` (`boarding_pass_id`, `purchase_id`, `passenger_id`, `seat_type_id`, `seat_id`, `flight_id`) VALUES (551, 153, 247, 3, NULL, 4);
INSERT INTO `boarding_pass` (`boarding_pass_id`, `purchase_id`, `passenger_id`, `seat_type_id`, `seat_id`, `flight_id`) VALUES (552, 68, 77, 2, NULL, 4);
INSERT INTO `boarding_pass` (`boarding_pass_id`, `purchase_id`, `passenger_id`, `seat_type_id`, `seat_id`, `flight_id`) VALUES (553, 137, 512, 3, NULL, 1);
INSERT INTO `boarding_pass` (`boarding_pass_id`, `purchase_id`, `passenger_id`, `seat_type_id`, `seat_id`, `flight_id`) VALUES (554, 92, 83, 3, NULL, 3);
INSERT INTO `boarding_pass` (`boarding_pass_id`, `purchase_id`, `passenger_id`, `seat_type_id`, `seat_id`, `flight_id`) VALUES (555, 96, 276, 2, NULL, 1);
INSERT INTO `boarding_pass` (`boarding_pass_id`, `purchase_id`, `passenger_id`, `seat_type_id`, `seat_id`, `flight_id`) VALUES (556, 200, 544, 3, NULL, 1);
INSERT INTO `boarding_pass` (`boarding_pass_id`, `purchase_id`, `passenger_id`, `seat_type_id`, `seat_id`, `flight_id`) VALUES (557, 32, 522, 3, NULL, 2);
INSERT INTO `boarding_pass` (`boarding_pass_id`, `purchase_id`, `passenger_id`, `seat_type_id`, `seat_id`, `flight_id`) VALUES (558, 21, 317, 2, NULL, 2);
INSERT INTO `boarding_pass` (`boarding_pass_id`, `purchase_id`, `passenger_id`, `seat_type_id`, `seat_id`, `flight_id`) VALUES (559, 35, 9, 3, NULL, 4);
INSERT INTO `boarding_pass` (`boarding_pass_id`, `purchase_id`, `passenger_id`, `seat_type_id`, `seat_id`, `flight_id`) VALUES (560, 27, 456, 3, NULL, 1);
INSERT INTO `boarding_pass` (`boarding_pass_id`, `purchase_id`, `passenger_id`, `seat_type_id`, `seat_id`, `flight_id`) VALUES (561, 9, 413, 3, NULL, 4);
INSERT INTO `boarding_pass` (`boarding_pass_id`, `purchase_id`, `passenger_id`, `seat_type_id`, `seat_id`, `flight_id`) VALUES (562, 72, 84, 3, NULL, 2);
INSERT INTO `boarding_pass` (`boarding_pass_id`, `purchase_id`, `passenger_id`, `seat_type_id`, `seat_id`, `flight_id`) VALUES (563, 83, 351, 3, NULL, 2);
INSERT INTO `boarding_pass` (`boarding_pass_id`, `purchase_id`, `passenger_id`, `seat_type_id`, `seat_id`, `flight_id`) VALUES (564, 95, 341, 3, 217, 2);
INSERT INTO `boarding_pass` (`boarding_pass_id`, `purchase_id`, `passenger_id`, `seat_type_id`, `seat_id`, `flight_id`) VALUES (565, 189, 342, 3, NULL, 4);
INSERT INTO `boarding_pass` (`boarding_pass_id`, `purchase_id`, `passenger_id`, `seat_type_id`, `seat_id`, `flight_id`) VALUES (566, 128, 111, 3, NULL, 4);
INSERT INTO `boarding_pass` (`boarding_pass_id`, `purchase_id`, `passenger_id`, `seat_type_id`, `seat_id`, `flight_id`) VALUES (567, 161, 120, 2, NULL, 4);
INSERT INTO `boarding_pass` (`boarding_pass_id`, `purchase_id`, `passenger_id`, `seat_type_id`, `seat_id`, `flight_id`) VALUES (568, 48, 162, 2, NULL, 2);
INSERT INTO `boarding_pass` (`boarding_pass_id`, `purchase_id`, `passenger_id`, `seat_type_id`, `seat_id`, `flight_id`) VALUES (569, 97, 330, 3, NULL, 4);
INSERT INTO `boarding_pass` (`boarding_pass_id`, `purchase_id`, `passenger_id`, `seat_type_id`, `seat_id`, `flight_id`) VALUES (570, 140, 15, 3, NULL, 2);
INSERT INTO `boarding_pass` (`boarding_pass_id`, `purchase_id`, `passenger_id`, `seat_type_id`, `seat_id`, `flight_id`) VALUES (571, 104, 132, 2, NULL, 3);
INSERT INTO `boarding_pass` (`boarding_pass_id`, `purchase_id`, `passenger_id`, `seat_type_id`, `seat_id`, `flight_id`) VALUES (572, 68, 563, 2, NULL, 4);
INSERT INTO `boarding_pass` (`boarding_pass_id`, `purchase_id`, `passenger_id`, `seat_type_id`, `seat_id`, `flight_id`) VALUES (573, 15, 519, 2, NULL, 4);
INSERT INTO `boarding_pass` (`boarding_pass_id`, `purchase_id`, `passenger_id`, `seat_type_id`, `seat_id`, `flight_id`) VALUES (574, 26, 222, 3, NULL, 2);
INSERT INTO `boarding_pass` (`boarding_pass_id`, `purchase_id`, `passenger_id`, `seat_type_id`, `seat_id`, `flight_id`) VALUES (575, 67, 312, 3, NULL, 3);
INSERT INTO `boarding_pass` (`boarding_pass_id`, `purchase_id`, `passenger_id`, `seat_type_id`, `seat_id`, `flight_id`) VALUES (576, 35, 428, 3, NULL, 4);
INSERT INTO `boarding_pass` (`boarding_pass_id`, `purchase_id`, `passenger_id`, `seat_type_id`, `seat_id`, `flight_id`) VALUES (577, 90, 523, 3, NULL, 2);
INSERT INTO `boarding_pass` (`boarding_pass_id`, `purchase_id`, `passenger_id`, `seat_type_id`, `seat_id`, `flight_id`) VALUES (578, 41, 363, 3, NULL, 3);
INSERT INTO `boarding_pass` (`boarding_pass_id`, `purchase_id`, `passenger_id`, `seat_type_id`, `seat_id`, `flight_id`) VALUES (579, 162, 205, 2, NULL, 3);
INSERT INTO `boarding_pass` (`boarding_pass_id`, `purchase_id`, `passenger_id`, `seat_type_id`, `seat_id`, `flight_id`) VALUES (580, 28, 16, 3, NULL, 1);
INSERT INTO `boarding_pass` (`boarding_pass_id`, `purchase_id`, `passenger_id`, `seat_type_id`, `seat_id`, `flight_id`) VALUES (581, 143, 67, 3, NULL, 2);
INSERT INTO `boarding_pass` (`boarding_pass_id`, `purchase_id`, `passenger_id`, `seat_type_id`, `seat_id`, `flight_id`) VALUES (582, 113, 108, 3, 117, 1);
INSERT INTO `boarding_pass` (`boarding_pass_id`, `purchase_id`, `passenger_id`, `seat_type_id`, `seat_id`, `flight_id`) VALUES (583, 20, 472, 2, NULL, 3);
INSERT INTO `boarding_pass` (`boarding_pass_id`, `purchase_id`, `passenger_id`, `seat_type_id`, `seat_id`, `flight_id`) VALUES (584, 198, 483, 1, 1, 4);
INSERT INTO `boarding_pass` (`boarding_pass_id`, `purchase_id`, `passenger_id`, `seat_type_id`, `seat_id`, `flight_id`) VALUES (585, 153, 447, 3, NULL, 4);
INSERT INTO `boarding_pass` (`boarding_pass_id`, `purchase_id`, `passenger_id`, `seat_type_id`, `seat_id`, `flight_id`) VALUES (586, 169, 379, 3, 185, 2);
INSERT INTO `boarding_pass` (`boarding_pass_id`, `purchase_id`, `passenger_id`, `seat_type_id`, `seat_id`, `flight_id`) VALUES (587, 174, 476, 3, NULL, 4);
INSERT INTO `boarding_pass` (`boarding_pass_id`, `purchase_id`, `passenger_id`, `seat_type_id`, `seat_id`, `flight_id`) VALUES (588, 47, 119, 1, 3, 1);
INSERT INTO `boarding_pass` (`boarding_pass_id`, `purchase_id`, `passenger_id`, `seat_type_id`, `seat_id`, `flight_id`) VALUES (589, 58, 513, 1, 295, 3);
INSERT INTO `boarding_pass` (`boarding_pass_id`, `purchase_id`, `passenger_id`, `seat_type_id`, `seat_id`, `flight_id`) VALUES (590, 69, 389, 2, NULL, 1);
INSERT INTO `boarding_pass` (`boarding_pass_id`, `purchase_id`, `passenger_id`, `seat_type_id`, `seat_id`, `flight_id`) VALUES (591, 88, 470, 3, 313, 3);
INSERT INTO `boarding_pass` (`boarding_pass_id`, `purchase_id`, `passenger_id`, `seat_type_id`, `seat_id`, `flight_id`) VALUES (592, 163, 334, 3, NULL, 1);
INSERT INTO `boarding_pass` (`boarding_pass_id`, `purchase_id`, `passenger_id`, `seat_type_id`, `seat_id`, `flight_id`) VALUES (593, 149, 322, 2, NULL, 4);
INSERT INTO `boarding_pass` (`boarding_pass_id`, `purchase_id`, `passenger_id`, `seat_type_id`, `seat_id`, `flight_id`) VALUES (594, 157, 49, 1, 228, 3);
INSERT INTO `boarding_pass` (`boarding_pass_id`, `purchase_id`, `passenger_id`, `seat_type_id`, `seat_id`, `flight_id`) VALUES (595, 3, 499, 3, 101, 1);
INSERT INTO `boarding_pass` (`boarding_pass_id`, `purchase_id`, `passenger_id`, `seat_type_id`, `seat_id`, `flight_id`) VALUES (596, 120, 50, 2, NULL, 1);
INSERT INTO `boarding_pass` (`boarding_pass_id`, `purchase_id`, `passenger_id`, `seat_type_id`, `seat_id`, `flight_id`) VALUES (597, 191, 133, 2, NULL, 4);
INSERT INTO `boarding_pass` (`boarding_pass_id`, `purchase_id`, `passenger_id`, `seat_type_id`, `seat_id`, `flight_id`) VALUES (598, 197, 267, 3, NULL, 1);
INSERT INTO `boarding_pass` (`boarding_pass_id`, `purchase_id`, `passenger_id`, `seat_type_id`, `seat_id`, `flight_id`) VALUES (599, 98, 65, 3, NULL, 2);
INSERT INTO `boarding_pass` (`boarding_pass_id`, `purchase_id`, `passenger_id`, `seat_type_id`, `seat_id`, `flight_id`) VALUES (600, 82, 414, 2, NULL, 3);
INSERT INTO `boarding_pass` (`boarding_pass_id`, `purchase_id`, `passenger_id`, `seat_type_id`, `seat_id`, `flight_id`) VALUES (601, 152, 260, 2, NULL, 1);
INSERT INTO `boarding_pass` (`boarding_pass_id`, `purchase_id`, `passenger_id`, `seat_type_id`, `seat_id`, `flight_id`) VALUES (602, 186, 404, 3, NULL, 3);
INSERT INTO `boarding_pass` (`boarding_pass_id`, `purchase_id`, `passenger_id`, `seat_type_id`, `seat_id`, `flight_id`) VALUES (603, 32, 117, 3, NULL, 2);
INSERT INTO `boarding_pass` (`boarding_pass_id`, `purchase_id`, `passenger_id`, `seat_type_id`, `seat_id`, `flight_id`) VALUES (604, 143, 537, 3, 267, 2);
INSERT INTO `boarding_pass` (`boarding_pass_id`, `purchase_id`, `passenger_id`, `seat_type_id`, `seat_id`, `flight_id`) VALUES (605, 66, 186, 3, NULL, 2);
INSERT INTO `boarding_pass` (`boarding_pass_id`, `purchase_id`, `passenger_id`, `seat_type_id`, `seat_id`, `flight_id`) VALUES (606, 190, 269, 3, NULL, 3);
INSERT INTO `boarding_pass` (`boarding_pass_id`, `purchase_id`, `passenger_id`, `seat_type_id`, `seat_id`, `flight_id`) VALUES (607, 167, 353, 2, 85, 1);
INSERT INTO `boarding_pass` (`boarding_pass_id`, `purchase_id`, `passenger_id`, `seat_type_id`, `seat_id`, `flight_id`) VALUES (608, 85, 113, 3, NULL, 3);
INSERT INTO `boarding_pass` (`boarding_pass_id`, `purchase_id`, `passenger_id`, `seat_type_id`, `seat_id`, `flight_id`) VALUES (609, 155, 448, 3, NULL, 3);
INSERT INTO `boarding_pass` (`boarding_pass_id`, `purchase_id`, `passenger_id`, `seat_type_id`, `seat_id`, `flight_id`) VALUES (610, 77, 245, 3, NULL, 1);
COMMIT;

-- ----------------------------
-- Table structure for flight
-- ----------------------------
DROP TABLE IF EXISTS `flight`;
CREATE TABLE `flight` (
  `flight_id` int NOT NULL AUTO_INCREMENT COMMENT 'Identificador de la tabla',
  `takeoff_date_time` int NOT NULL COMMENT 'Fecha y hora del despegue',
  `takeoff_airport` varchar(255) NOT NULL COMMENT 'Aeropuerto de despegue',
  `landing_date_time` int NOT NULL COMMENT 'Fecha y hora de aterrizaje',
  `landing_airport` varchar(255) NOT NULL COMMENT 'Aeropuerto de aterrizaje',
  `airplane_id` int NOT NULL COMMENT 'Id del avión',
  PRIMARY KEY (`flight_id`),
  KEY `airplane_id_fl` (`airplane_id`),
  CONSTRAINT `airplane_id_fl` FOREIGN KEY (`airplane_id`) REFERENCES `airplane` (`airplane_id`) ON DELETE CASCADE ON UPDATE RESTRICT
) ENGINE=InnoDB AUTO_INCREMENT=5 DEFAULT CHARSET=utf8mb4 COLLATE=utf8mb4_general_ci;

-- ----------------------------
-- Records of flight
-- ----------------------------
BEGIN;
INSERT INTO `flight` (`flight_id`, `takeoff_date_time`, `takeoff_airport`, `landing_date_time`, `landing_airport`, `airplane_id`) VALUES (1, 1688207580, 'Aeropuerto Internacional Arturo Merino Benitez, Chile', 1688221980, 'Aeropuerto Internacional Jorge Cháve, Perú', 1);
INSERT INTO `flight` (`flight_id`, `takeoff_date_time`, `takeoff_airport`, `landing_date_time`, `landing_airport`, `airplane_id`) VALUES (2, 1688491980, 'Aeropuerto Internacional Jorge Cháve, Perú', 1688495580, 'Aeropuerto Francisco Carlé, Perú', 2);
INSERT INTO `flight` (`flight_id`, `takeoff_date_time`, `takeoff_airport`, `landing_date_time`, `landing_airport`, `airplane_id`) VALUES (3, 1688766182, 'Aeropuerto El Tepual, Chile', 1688772962, 'Aeropuerto Internacional Arturo Merino Benitez, Chile', 2);
INSERT INTO `flight` (`flight_id`, `takeoff_date_time`, `takeoff_airport`, `landing_date_time`, `landing_airport`, `airplane_id`) VALUES (4, 1689786902, 'Aeropuerto Internacional Arturo Merino Benitez, Chile', 1689819302, 'Aeropuerto Internacional de la Ciudad de México, México', 1);
COMMIT;

-- ----------------------------
-- Table structure for passenger
-- ----------------------------
DROP TABLE IF EXISTS `passenger`;
CREATE TABLE `passenger` (
  `passenger_id` int NOT NULL AUTO_INCREMENT COMMENT 'Identificador de la tabla',
  `dni` varchar(255) NOT NULL COMMENT 'Número de identificación del pasajero',
  `name` varchar(255) CHARACTER SET utf8mb4 COLLATE utf8mb4_general_ci NOT NULL COMMENT 'Nombre completo del pasajero',
  `age` int NOT NULL COMMENT 'Edad del pasajero',
  `country` varchar(255) NOT NULL COMMENT 'País del pasajero',
  PRIMARY KEY (`passenger_id`)
) ENGINE=InnoDB AUTO_INCREMENT=571 DEFAULT CHARSET=utf8mb4 COLLATE=utf8mb4_general_ci;

-- ----------------------------
-- Records of passenger
-- ----------------------------
BEGIN;
INSERT INTO `passenger` (`passenger_id`, `dni`, `name`, `age`, `country`) VALUES (1, '348373603', 'Leticia', 65, 'Chile');
INSERT INTO `passenger` (`passenger_id`, `dni`, `name`, `age`, `country`) VALUES (2, '7988462', 'Ana', 72, 'México');
INSERT INTO `passenger` (`passenger_id`, `dni`, `name`, `age`, `country`) VALUES (3, '492894946', 'Amalia', 40, 'Perú');
INSERT INTO `passenger` (`passenger_id`, `dni`, `name`, `age`, `country`) VALUES (4, '236316467', 'Julio', 6, 'Chile');
INSERT INTO `passenger` (`passenger_id`, `dni`, `name`, `age`, `country`) VALUES (5, '527775223', 'Sonia', 80, 'Chile');
INSERT INTO `passenger` (`passenger_id`, `dni`, `name`, `age`, `country`) VALUES (6, '645466698', 'Diego', 21, 'Perú');
INSERT INTO `passenger` (`passenger_id`, `dni`, `name`, `age`, `country`) VALUES (7, '174853408', 'Estefanía', 80, 'Perú');
INSERT INTO `passenger` (`passenger_id`, `dni`, `name`, `age`, `country`) VALUES (8, '678380547', 'Oscar', 61, 'Perú');
INSERT INTO `passenger` (`passenger_id`, `dni`, `name`, `age`, `country`) VALUES (9, '167549110', 'Joaquín', 2, 'México');
INSERT INTO `passenger` (`passenger_id`, `dni`, `name`, `age`, `country`) VALUES (10, '643238510', 'Gustavo', 61, 'México');
INSERT INTO `passenger` (`passenger_id`, `dni`, `name`, `age`, `country`) VALUES (11, '967142004', 'Víctor', 73, 'Chile');
INSERT INTO `passenger` (`passenger_id`, `dni`, `name`, `age`, `country`) VALUES (12, '427038390', 'Christopher', 30, 'México');
INSERT INTO `passenger` (`passenger_id`, `dni`, `name`, `age`, `country`) VALUES (13, '374760700', 'Abril', 37, 'Perú');
INSERT INTO `passenger` (`passenger_id`, `dni`, `name`, `age`, `country`) VALUES (14, '563296634', 'Mateo', 27, 'Chile');
INSERT INTO `passenger` (`passenger_id`, `dni`, `name`, `age`, `country`) VALUES (15, '423445297', 'Laura', 74, 'Chile');
INSERT INTO `passenger` (`passenger_id`, `dni`, `name`, `age`, `country`) VALUES (16, '200905642', 'Nilda', 26, 'México');
INSERT INTO `passenger` (`passenger_id`, `dni`, `name`, `age`, `country`) VALUES (17, '809158891', 'René', 24, 'Chile');
INSERT INTO `passenger` (`passenger_id`, `dni`, `name`, `age`, `country`) VALUES (18, '253908833', 'José', 5, 'México');
INSERT INTO `passenger` (`passenger_id`, `dni`, `name`, `age`, `country`) VALUES (19, '436436409', 'Osvaldo', 28, 'México');
INSERT INTO `passenger` (`passenger_id`, `dni`, `name`, `age`, `country`) VALUES (20, '917532039', 'Ignacio', 78, 'Perú');
INSERT INTO `passenger` (`passenger_id`, `dni`, `name`, `age`, `country`) VALUES (21, '737112168', 'Andrea', 70, 'Perú');
INSERT INTO `passenger` (`passenger_id`, `dni`, `name`, `age`, `country`) VALUES (22, '313353817', 'Natalia', 4, 'Chile');
INSERT INTO `passenger` (`passenger_id`, `dni`, `name`, `age`, `country`) VALUES (23, '207053321', 'Daniella', 25, 'Chile');
INSERT INTO `passenger` (`passenger_id`, `dni`, `name`, `age`, `country`) VALUES (24, '481457272', 'Ana', 71, 'México');
INSERT INTO `passenger` (`passenger_id`, `dni`, `name`, `age`, `country`) VALUES (25, '863717797', 'Giselle', 52, 'Perú');
INSERT INTO `passenger` (`passenger_id`, `dni`, `name`, `age`, `country`) VALUES (26, '773764019', 'Antonia', 40, 'México');
INSERT INTO `passenger` (`passenger_id`, `dni`, `name`, `age`, `country`) VALUES (27, '926578568', 'Miguel', 5, 'México');
INSERT INTO `passenger` (`passenger_id`, `dni`, `name`, `age`, `country`) VALUES (28, '730560738', 'Javier', 56, 'México');
INSERT INTO `passenger` (`passenger_id`, `dni`, `name`, `age`, `country`) VALUES (29, '896046032', 'Diego', 49, 'Perú');
INSERT INTO `passenger` (`passenger_id`, `dni`, `name`, `age`, `country`) VALUES (30, '272872273', 'Celeste', 23, 'México');
INSERT INTO `passenger` (`passenger_id`, `dni`, `name`, `age`, `country`) VALUES (31, '343424165', 'Constanza', 27, 'México');
INSERT INTO `passenger` (`passenger_id`, `dni`, `name`, `age`, `country`) VALUES (32, '420965877', 'Amalia', 22, 'México');
INSERT INTO `passenger` (`passenger_id`, `dni`, `name`, `age`, `country`) VALUES (33, '143956247', 'Valentina', 54, 'Chile');
INSERT INTO `passenger` (`passenger_id`, `dni`, `name`, `age`, `country`) VALUES (34, '566062700', 'Gustavo', 11, 'México');
INSERT INTO `passenger` (`passenger_id`, `dni`, `name`, `age`, `country`) VALUES (35, '934735291', 'Consuelo', 31, 'Chile');
INSERT INTO `passenger` (`passenger_id`, `dni`, `name`, `age`, `country`) VALUES (36, '188967263', 'Lorena', 31, 'Chile');
INSERT INTO `passenger` (`passenger_id`, `dni`, `name`, `age`, `country`) VALUES (37, '641319464', 'Lucía', 28, 'Perú');
INSERT INTO `passenger` (`passenger_id`, `dni`, `name`, `age`, `country`) VALUES (38, '107965454', 'Luciana', 39, 'Perú');
INSERT INTO `passenger` (`passenger_id`, `dni`, `name`, `age`, `country`) VALUES (39, '979716489', 'Lucero', 70, 'México');
INSERT INTO `passenger` (`passenger_id`, `dni`, `name`, `age`, `country`) VALUES (40, '539399181', 'Samuel', 12, 'Chile');
INSERT INTO `passenger` (`passenger_id`, `dni`, `name`, `age`, `country`) VALUES (41, '968406193', 'Francisco', 53, 'Perú');
INSERT INTO `passenger` (`passenger_id`, `dni`, `name`, `age`, `country`) VALUES (42, '576330342', 'Christopher', 53, 'Perú');
INSERT INTO `passenger` (`passenger_id`, `dni`, `name`, `age`, `country`) VALUES (43, '444770924', 'Gabriel', 56, 'Chile');
INSERT INTO `passenger` (`passenger_id`, `dni`, `name`, `age`, `country`) VALUES (44, '268097386', 'Nélida', 76, 'Chile');
INSERT INTO `passenger` (`passenger_id`, `dni`, `name`, `age`, `country`) VALUES (45, '647635275', 'Marisol', 73, 'Chile');
INSERT INTO `passenger` (`passenger_id`, `dni`, `name`, `age`, `country`) VALUES (46, '720388762', 'Raúl', 70, 'Perú');
INSERT INTO `passenger` (`passenger_id`, `dni`, `name`, `age`, `country`) VALUES (47, '486792146', 'Ana', 64, 'México');
INSERT INTO `passenger` (`passenger_id`, `dni`, `name`, `age`, `country`) VALUES (48, '262424652', 'Antonia', 15, 'México');
INSERT INTO `passenger` (`passenger_id`, `dni`, `name`, `age`, `country`) VALUES (49, '210747500', 'Bruno', 37, 'Chile');
INSERT INTO `passenger` (`passenger_id`, `dni`, `name`, `age`, `country`) VALUES (50, '385050488', 'Roberto', 72, 'Chile');
INSERT INTO `passenger` (`passenger_id`, `dni`, `name`, `age`, `country`) VALUES (51, '679445242', 'Aldo', 69, 'México');
INSERT INTO `passenger` (`passenger_id`, `dni`, `name`, `age`, `country`) VALUES (52, '547818293', 'Leticia', 25, 'Perú');
INSERT INTO `passenger` (`passenger_id`, `dni`, `name`, `age`, `country`) VALUES (53, '248898785', 'Jorge', 46, 'México');
INSERT INTO `passenger` (`passenger_id`, `dni`, `name`, `age`, `country`) VALUES (54, '390759551', 'Arturo', 23, 'México');
INSERT INTO `passenger` (`passenger_id`, `dni`, `name`, `age`, `country`) VALUES (55, '152914379', 'Maritza', 69, 'Chile');
INSERT INTO `passenger` (`passenger_id`, `dni`, `name`, `age`, `country`) VALUES (56, '175958851', 'Graciela', 48, 'Perú');
INSERT INTO `passenger` (`passenger_id`, `dni`, `name`, `age`, `country`) VALUES (57, '689943623', 'Marjorie', 9, 'Perú');
INSERT INTO `passenger` (`passenger_id`, `dni`, `name`, `age`, `country`) VALUES (58, '16698286', 'Nicolás', 35, 'Perú');
INSERT INTO `passenger` (`passenger_id`, `dni`, `name`, `age`, `country`) VALUES (59, '962913276', 'Delia', 18, 'México');
INSERT INTO `passenger` (`passenger_id`, `dni`, `name`, `age`, `country`) VALUES (60, '680619409', 'Sofía', 28, 'México');
INSERT INTO `passenger` (`passenger_id`, `dni`, `name`, `age`, `country`) VALUES (61, '66386260', 'Olga', 32, 'Chile');
INSERT INTO `passenger` (`passenger_id`, `dni`, `name`, `age`, `country`) VALUES (62, '133177153', 'Vanessa', 31, 'Perú');
INSERT INTO `passenger` (`passenger_id`, `dni`, `name`, `age`, `country`) VALUES (63, '850187729', 'José', 72, 'México');
INSERT INTO `passenger` (`passenger_id`, `dni`, `name`, `age`, `country`) VALUES (64, '65331141', 'Susana', 10, 'Perú');
INSERT INTO `passenger` (`passenger_id`, `dni`, `name`, `age`, `country`) VALUES (65, '225839493', 'Monserrat', 71, 'Chile');
INSERT INTO `passenger` (`passenger_id`, `dni`, `name`, `age`, `country`) VALUES (66, '897674576', 'Marisol', 47, 'Chile');
INSERT INTO `passenger` (`passenger_id`, `dni`, `name`, `age`, `country`) VALUES (67, '777278671', 'Francisco', 30, 'Perú');
INSERT INTO `passenger` (`passenger_id`, `dni`, `name`, `age`, `country`) VALUES (68, '557932725', 'Tomás', 7, 'Perú');
INSERT INTO `passenger` (`passenger_id`, `dni`, `name`, `age`, `country`) VALUES (69, '746976269', 'Julio', 77, 'Perú');
INSERT INTO `passenger` (`passenger_id`, `dni`, `name`, `age`, `country`) VALUES (70, '938352615', 'Arturo', 34, 'Perú');
INSERT INTO `passenger` (`passenger_id`, `dni`, `name`, `age`, `country`) VALUES (71, '760744755', 'Nicolás', 32, 'Chile');
INSERT INTO `passenger` (`passenger_id`, `dni`, `name`, `age`, `country`) VALUES (72, '811487353', 'Marisol', 47, 'Chile');
INSERT INTO `passenger` (`passenger_id`, `dni`, `name`, `age`, `country`) VALUES (73, '874904884', 'Oliver', 69, 'Chile');
INSERT INTO `passenger` (`passenger_id`, `dni`, `name`, `age`, `country`) VALUES (74, '734821209', 'Ana', 36, 'México');
INSERT INTO `passenger` (`passenger_id`, `dni`, `name`, `age`, `country`) VALUES (75, '926376486', 'Antonio', 29, 'Perú');
INSERT INTO `passenger` (`passenger_id`, `dni`, `name`, `age`, `country`) VALUES (76, '645869777', 'Consuelo', 53, 'Perú');
INSERT INTO `passenger` (`passenger_id`, `dni`, `name`, `age`, `country`) VALUES (77, '561461878', 'Fermín', 27, 'Perú');
INSERT INTO `passenger` (`passenger_id`, `dni`, `name`, `age`, `country`) VALUES (78, '181426937', 'Julio', 48, 'México');
INSERT INTO `passenger` (`passenger_id`, `dni`, `name`, `age`, `country`) VALUES (79, '661517153', 'Marco', 18, 'Perú');
INSERT INTO `passenger` (`passenger_id`, `dni`, `name`, `age`, `country`) VALUES (80, '954731403', 'Nicolás', 33, 'Perú');
INSERT INTO `passenger` (`passenger_id`, `dni`, `name`, `age`, `country`) VALUES (81, '717995319', 'Micaela', 39, 'Perú');
INSERT INTO `passenger` (`passenger_id`, `dni`, `name`, `age`, `country`) VALUES (82, '702149417', 'Julio', 60, 'Chile');
INSERT INTO `passenger` (`passenger_id`, `dni`, `name`, `age`, `country`) VALUES (83, '257898025', 'Francisco', 34, 'Chile');
INSERT INTO `passenger` (`passenger_id`, `dni`, `name`, `age`, `country`) VALUES (84, '945931060', 'Mariana', 38, 'Perú');
INSERT INTO `passenger` (`passenger_id`, `dni`, `name`, `age`, `country`) VALUES (85, '589000509', 'Lucas', 33, 'Perú');
INSERT INTO `passenger` (`passenger_id`, `dni`, `name`, `age`, `country`) VALUES (86, '494551918', 'Marcos', 25, 'Chile');
INSERT INTO `passenger` (`passenger_id`, `dni`, `name`, `age`, `country`) VALUES (87, '177209759', 'Lorena', 74, 'México');
INSERT INTO `passenger` (`passenger_id`, `dni`, `name`, `age`, `country`) VALUES (88, '117827891', 'Raquel', 21, 'México');
INSERT INTO `passenger` (`passenger_id`, `dni`, `name`, `age`, `country`) VALUES (89, '24785979', 'Patricio', 41, 'Perú');
INSERT INTO `passenger` (`passenger_id`, `dni`, `name`, `age`, `country`) VALUES (90, '983834822', 'Marisol', 44, 'México');
INSERT INTO `passenger` (`passenger_id`, `dni`, `name`, `age`, `country`) VALUES (91, '466866813', 'Lucila', 19, 'México');
INSERT INTO `passenger` (`passenger_id`, `dni`, `name`, `age`, `country`) VALUES (92, '206706094', 'Fabiola', 26, 'Perú');
INSERT INTO `passenger` (`passenger_id`, `dni`, `name`, `age`, `country`) VALUES (93, '642182998', 'Isidora', 76, 'Chile');
INSERT INTO `passenger` (`passenger_id`, `dni`, `name`, `age`, `country`) VALUES (94, '978856785', 'Rafaela', 73, 'México');
INSERT INTO `passenger` (`passenger_id`, `dni`, `name`, `age`, `country`) VALUES (95, '715292935', 'Renata', 56, 'Chile');
INSERT INTO `passenger` (`passenger_id`, `dni`, `name`, `age`, `country`) VALUES (96, '298387004', 'Juan', 69, 'Chile');
INSERT INTO `passenger` (`passenger_id`, `dni`, `name`, `age`, `country`) VALUES (97, '602810040', 'Celeste', 64, 'Perú');
INSERT INTO `passenger` (`passenger_id`, `dni`, `name`, `age`, `country`) VALUES (98, '172426876', 'Abril', 28, 'Chile');
INSERT INTO `passenger` (`passenger_id`, `dni`, `name`, `age`, `country`) VALUES (99, '520425741', 'Yolanda', 19, 'Chile');
INSERT INTO `passenger` (`passenger_id`, `dni`, `name`, `age`, `country`) VALUES (100, '322326638', 'Maritza', 51, 'Chile');
INSERT INTO `passenger` (`passenger_id`, `dni`, `name`, `age`, `country`) VALUES (101, '217082303', 'Guillermo', 73, 'Perú');
INSERT INTO `passenger` (`passenger_id`, `dni`, `name`, `age`, `country`) VALUES (102, '786081285', 'Luz', 43, 'Chile');
INSERT INTO `passenger` (`passenger_id`, `dni`, `name`, `age`, `country`) VALUES (103, '667007280', 'Dante', 45, 'Chile');
INSERT INTO `passenger` (`passenger_id`, `dni`, `name`, `age`, `country`) VALUES (104, '501509835', 'Sergio', 57, 'Perú');
INSERT INTO `passenger` (`passenger_id`, `dni`, `name`, `age`, `country`) VALUES (105, '560528635', 'Tomás', 36, 'Perú');
INSERT INTO `passenger` (`passenger_id`, `dni`, `name`, `age`, `country`) VALUES (106, '13116070', 'Dante', 44, 'Perú');
INSERT INTO `passenger` (`passenger_id`, `dni`, `name`, `age`, `country`) VALUES (107, '446027459', 'Vanessa', 66, 'Chile');
INSERT INTO `passenger` (`passenger_id`, `dni`, `name`, `age`, `country`) VALUES (108, '391869305', 'Enzo', 38, 'México');
INSERT INTO `passenger` (`passenger_id`, `dni`, `name`, `age`, `country`) VALUES (109, '348128106', 'Octavio', 35, 'Chile');
INSERT INTO `passenger` (`passenger_id`, `dni`, `name`, `age`, `country`) VALUES (110, '261133065', 'Daniel', 20, 'Perú');
INSERT INTO `passenger` (`passenger_id`, `dni`, `name`, `age`, `country`) VALUES (111, '130069304', 'Romina', 50, 'México');
INSERT INTO `passenger` (`passenger_id`, `dni`, `name`, `age`, `country`) VALUES (112, '775203905', 'Guillermo', 79, 'Perú');
INSERT INTO `passenger` (`passenger_id`, `dni`, `name`, `age`, `country`) VALUES (113, '802367967', 'Marco', 48, 'Chile');
INSERT INTO `passenger` (`passenger_id`, `dni`, `name`, `age`, `country`) VALUES (114, '577597935', 'Melisa', 49, 'México');
INSERT INTO `passenger` (`passenger_id`, `dni`, `name`, `age`, `country`) VALUES (115, '887066881', 'Rosa', 40, 'México');
INSERT INTO `passenger` (`passenger_id`, `dni`, `name`, `age`, `country`) VALUES (116, '990806557', 'Oliver', 24, 'Perú');
INSERT INTO `passenger` (`passenger_id`, `dni`, `name`, `age`, `country`) VALUES (117, '931328840', 'Alejandro', 45, 'Chile');
INSERT INTO `passenger` (`passenger_id`, `dni`, `name`, `age`, `country`) VALUES (118, '547995929', 'Demetrio', 77, 'Chile');
INSERT INTO `passenger` (`passenger_id`, `dni`, `name`, `age`, `country`) VALUES (119, '642943844', 'Abril', 38, 'Perú');
INSERT INTO `passenger` (`passenger_id`, `dni`, `name`, `age`, `country`) VALUES (120, '379829811', 'José', 54, 'México');
INSERT INTO `passenger` (`passenger_id`, `dni`, `name`, `age`, `country`) VALUES (121, '176002133', 'Raúl', 80, 'Chile');
INSERT INTO `passenger` (`passenger_id`, `dni`, `name`, `age`, `country`) VALUES (122, '520943813', 'Karen', 34, 'Perú');
INSERT INTO `passenger` (`passenger_id`, `dni`, `name`, `age`, `country`) VALUES (123, '895770182', 'Alejandra', 54, 'Chile');
INSERT INTO `passenger` (`passenger_id`, `dni`, `name`, `age`, `country`) VALUES (124, '80430135', 'Aldo', 29, 'México');
INSERT INTO `passenger` (`passenger_id`, `dni`, `name`, `age`, `country`) VALUES (125, '876498664', 'Daniella', 21, 'Perú');
INSERT INTO `passenger` (`passenger_id`, `dni`, `name`, `age`, `country`) VALUES (126, '438091902', 'Edith', 29, 'Chile');
INSERT INTO `passenger` (`passenger_id`, `dni`, `name`, `age`, `country`) VALUES (127, '68096783', 'Ernesto', 26, 'Chile');
INSERT INTO `passenger` (`passenger_id`, `dni`, `name`, `age`, `country`) VALUES (128, '202105372', 'Carmen', 77, 'Perú');
INSERT INTO `passenger` (`passenger_id`, `dni`, `name`, `age`, `country`) VALUES (129, '488886910', 'Yolanda', 31, 'México');
INSERT INTO `passenger` (`passenger_id`, `dni`, `name`, `age`, `country`) VALUES (130, '580928099', 'Rafaela', 62, 'Chile');
INSERT INTO `passenger` (`passenger_id`, `dni`, `name`, `age`, `country`) VALUES (131, '107826693', 'Patricio', 23, 'México');
INSERT INTO `passenger` (`passenger_id`, `dni`, `name`, `age`, `country`) VALUES (132, '174527288', 'Pamela', 28, 'Perú');
INSERT INTO `passenger` (`passenger_id`, `dni`, `name`, `age`, `country`) VALUES (133, '61627287', 'Oscar', 22, 'Chile');
INSERT INTO `passenger` (`passenger_id`, `dni`, `name`, `age`, `country`) VALUES (134, '50097163', 'Leonardo', 47, 'Perú');
INSERT INTO `passenger` (`passenger_id`, `dni`, `name`, `age`, `country`) VALUES (135, '386386320', 'Francisco', 79, 'México');
INSERT INTO `passenger` (`passenger_id`, `dni`, `name`, `age`, `country`) VALUES (136, '634274174', 'Abril', 80, 'Chile');
INSERT INTO `passenger` (`passenger_id`, `dni`, `name`, `age`, `country`) VALUES (137, '41315274', 'Marlene', 41, 'México');
INSERT INTO `passenger` (`passenger_id`, `dni`, `name`, `age`, `country`) VALUES (138, '797841701', 'Lucero', 46, 'Perú');
INSERT INTO `passenger` (`passenger_id`, `dni`, `name`, `age`, `country`) VALUES (139, '714247267', 'Giselle', 55, 'Chile');
INSERT INTO `passenger` (`passenger_id`, `dni`, `name`, `age`, `country`) VALUES (140, '95167236', 'Consuelo', 23, 'México');
INSERT INTO `passenger` (`passenger_id`, `dni`, `name`, `age`, `country`) VALUES (141, '301975615', 'Miriam', 71, 'Perú');
INSERT INTO `passenger` (`passenger_id`, `dni`, `name`, `age`, `country`) VALUES (142, '617682991', 'Renata', 35, 'Perú');
INSERT INTO `passenger` (`passenger_id`, `dni`, `name`, `age`, `country`) VALUES (143, '506091067', 'Sofía', 38, 'Perú');
INSERT INTO `passenger` (`passenger_id`, `dni`, `name`, `age`, `country`) VALUES (144, '372916627', 'Maximiliana', 39, 'Chile');
INSERT INTO `passenger` (`passenger_id`, `dni`, `name`, `age`, `country`) VALUES (145, '814415768', 'Julio', 68, 'Perú');
INSERT INTO `passenger` (`passenger_id`, `dni`, `name`, `age`, `country`) VALUES (146, '447555986', 'Carmen', 54, 'Perú');
INSERT INTO `passenger` (`passenger_id`, `dni`, `name`, `age`, `country`) VALUES (147, '544533967', 'Fabiola', 72, 'Perú');
INSERT INTO `passenger` (`passenger_id`, `dni`, `name`, `age`, `country`) VALUES (148, '66250246', 'Mauricio', 27, 'Chile');
INSERT INTO `passenger` (`passenger_id`, `dni`, `name`, `age`, `country`) VALUES (149, '553962841', 'Gustavo', 55, 'Chile');
INSERT INTO `passenger` (`passenger_id`, `dni`, `name`, `age`, `country`) VALUES (150, '603552964', 'Ernesto', 37, 'Perú');
INSERT INTO `passenger` (`passenger_id`, `dni`, `name`, `age`, `country`) VALUES (151, '495092114', 'Óscar', 61, 'Perú');
INSERT INTO `passenger` (`passenger_id`, `dni`, `name`, `age`, `country`) VALUES (152, '968801352', 'Francisco', 51, 'Chile');
INSERT INTO `passenger` (`passenger_id`, `dni`, `name`, `age`, `country`) VALUES (153, '426259149', 'Dante', 21, 'México');
INSERT INTO `passenger` (`passenger_id`, `dni`, `name`, `age`, `country`) VALUES (154, '37459658', 'Rocío', 65, 'Perú');
INSERT INTO `passenger` (`passenger_id`, `dni`, `name`, `age`, `country`) VALUES (155, '776418510', 'Monserrat', 31, 'Chile');
INSERT INTO `passenger` (`passenger_id`, `dni`, `name`, `age`, `country`) VALUES (156, '957682604', 'Edith', 26, 'Chile');
INSERT INTO `passenger` (`passenger_id`, `dni`, `name`, `age`, `country`) VALUES (157, '389921563', 'Raquel', 60, 'México');
INSERT INTO `passenger` (`passenger_id`, `dni`, `name`, `age`, `country`) VALUES (158, '897875792', 'Maritza', 37, 'Perú');
INSERT INTO `passenger` (`passenger_id`, `dni`, `name`, `age`, `country`) VALUES (159, '573835727', 'Juan', 27, 'Chile');
INSERT INTO `passenger` (`passenger_id`, `dni`, `name`, `age`, `country`) VALUES (160, '548658569', 'Luciana', 33, 'Perú');
INSERT INTO `passenger` (`passenger_id`, `dni`, `name`, `age`, `country`) VALUES (161, '97568069', 'Isabella', 48, 'Perú');
INSERT INTO `passenger` (`passenger_id`, `dni`, `name`, `age`, `country`) VALUES (162, '924509499', 'Marisela', 47, 'México');
INSERT INTO `passenger` (`passenger_id`, `dni`, `name`, `age`, `country`) VALUES (163, '415938312', 'Germán', 53, 'Chile');
INSERT INTO `passenger` (`passenger_id`, `dni`, `name`, `age`, `country`) VALUES (164, '749627077', 'Pablo', 24, 'Chile');
INSERT INTO `passenger` (`passenger_id`, `dni`, `name`, `age`, `country`) VALUES (165, '988073823', 'Sonia', 61, 'México');
INSERT INTO `passenger` (`passenger_id`, `dni`, `name`, `age`, `country`) VALUES (166, '320263742', 'Marina', 35, 'México');
INSERT INTO `passenger` (`passenger_id`, `dni`, `name`, `age`, `country`) VALUES (167, '52491755', 'Ana', 53, 'Perú');
INSERT INTO `passenger` (`passenger_id`, `dni`, `name`, `age`, `country`) VALUES (168, '340427580', 'Ramiro', 55, 'México');
INSERT INTO `passenger` (`passenger_id`, `dni`, `name`, `age`, `country`) VALUES (169, '76817167', 'Aldo', 46, 'Perú');
INSERT INTO `passenger` (`passenger_id`, `dni`, `name`, `age`, `country`) VALUES (170, '618782665', 'Luz', 68, 'Perú');
INSERT INTO `passenger` (`passenger_id`, `dni`, `name`, `age`, `country`) VALUES (171, '395678454', 'Fabiana', 80, 'México');
INSERT INTO `passenger` (`passenger_id`, `dni`, `name`, `age`, `country`) VALUES (172, '159979144', 'Beatriz', 61, 'Perú');
INSERT INTO `passenger` (`passenger_id`, `dni`, `name`, `age`, `country`) VALUES (173, '861800520', 'Adrián', 64, 'México');
INSERT INTO `passenger` (`passenger_id`, `dni`, `name`, `age`, `country`) VALUES (174, '539097903', 'Lucía', 35, 'Perú');
INSERT INTO `passenger` (`passenger_id`, `dni`, `name`, `age`, `country`) VALUES (175, '571223758', 'Luz', 45, 'México');
INSERT INTO `passenger` (`passenger_id`, `dni`, `name`, `age`, `country`) VALUES (176, '741955651', 'Gustavo', 64, 'Perú');
INSERT INTO `passenger` (`passenger_id`, `dni`, `name`, `age`, `country`) VALUES (177, '346673941', 'Raúl', 64, 'México');
INSERT INTO `passenger` (`passenger_id`, `dni`, `name`, `age`, `country`) VALUES (178, '989005585', 'Dante', 53, 'Perú');
INSERT INTO `passenger` (`passenger_id`, `dni`, `name`, `age`, `country`) VALUES (179, '875921856', 'José', 65, 'Chile');
INSERT INTO `passenger` (`passenger_id`, `dni`, `name`, `age`, `country`) VALUES (180, '296039996', 'Armando', 31, 'Perú');
INSERT INTO `passenger` (`passenger_id`, `dni`, `name`, `age`, `country`) VALUES (181, '245413729', 'Gustavo', 76, 'Chile');
INSERT INTO `passenger` (`passenger_id`, `dni`, `name`, `age`, `country`) VALUES (182, '574679338', 'Alexis', 44, 'México');
INSERT INTO `passenger` (`passenger_id`, `dni`, `name`, `age`, `country`) VALUES (183, '776268924', 'Leticia', 57, 'México');
INSERT INTO `passenger` (`passenger_id`, `dni`, `name`, `age`, `country`) VALUES (184, '725878136', 'César', 61, 'Chile');
INSERT INTO `passenger` (`passenger_id`, `dni`, `name`, `age`, `country`) VALUES (185, '791208582', 'Jorge', 32, 'Perú');
INSERT INTO `passenger` (`passenger_id`, `dni`, `name`, `age`, `country`) VALUES (186, '679509529', 'Diego', 28, 'México');
INSERT INTO `passenger` (`passenger_id`, `dni`, `name`, `age`, `country`) VALUES (187, '378728209', 'Fernanda', 53, 'México');
INSERT INTO `passenger` (`passenger_id`, `dni`, `name`, `age`, `country`) VALUES (188, '944668859', 'Enrique', 18, 'Chile');
INSERT INTO `passenger` (`passenger_id`, `dni`, `name`, `age`, `country`) VALUES (189, '328645495', 'Arturo', 43, 'México');
INSERT INTO `passenger` (`passenger_id`, `dni`, `name`, `age`, `country`) VALUES (190, '310703456', 'Camila', 57, 'Perú');
INSERT INTO `passenger` (`passenger_id`, `dni`, `name`, `age`, `country`) VALUES (191, '702350489', 'Natalia', 71, 'México');
INSERT INTO `passenger` (`passenger_id`, `dni`, `name`, `age`, `country`) VALUES (192, '412082503', 'Fanny', 53, 'Perú');
INSERT INTO `passenger` (`passenger_id`, `dni`, `name`, `age`, `country`) VALUES (193, '879025746', 'Carolina', 40, 'México');
INSERT INTO `passenger` (`passenger_id`, `dni`, `name`, `age`, `country`) VALUES (194, '317337393', 'José', 42, 'México');
INSERT INTO `passenger` (`passenger_id`, `dni`, `name`, `age`, `country`) VALUES (195, '674980606', 'Pamela', 59, 'México');
INSERT INTO `passenger` (`passenger_id`, `dni`, `name`, `age`, `country`) VALUES (196, '861793918', 'Brenda', 28, 'México');
INSERT INTO `passenger` (`passenger_id`, `dni`, `name`, `age`, `country`) VALUES (197, '864794531', 'Celeste', 63, 'Perú');
INSERT INTO `passenger` (`passenger_id`, `dni`, `name`, `age`, `country`) VALUES (198, '130543670', 'Gabriela', 78, 'Perú');
INSERT INTO `passenger` (`passenger_id`, `dni`, `name`, `age`, `country`) VALUES (199, '254968572', 'Andrés', 71, 'México');
INSERT INTO `passenger` (`passenger_id`, `dni`, `name`, `age`, `country`) VALUES (200, '83922601', 'Osvaldo', 42, 'Perú');
INSERT INTO `passenger` (`passenger_id`, `dni`, `name`, `age`, `country`) VALUES (201, '341487852', 'Javier', 48, 'Perú');
INSERT INTO `passenger` (`passenger_id`, `dni`, `name`, `age`, `country`) VALUES (202, '986516830', 'José', 34, 'Perú');
INSERT INTO `passenger` (`passenger_id`, `dni`, `name`, `age`, `country`) VALUES (203, '705623099', 'Camila', 26, 'Perú');
INSERT INTO `passenger` (`passenger_id`, `dni`, `name`, `age`, `country`) VALUES (204, '81112989', 'Ivonne', 33, 'Perú');
INSERT INTO `passenger` (`passenger_id`, `dni`, `name`, `age`, `country`) VALUES (205, '843598221', 'Marco', 70, 'México');
INSERT INTO `passenger` (`passenger_id`, `dni`, `name`, `age`, `country`) VALUES (206, '84138219', 'María', 66, 'Chile');
INSERT INTO `passenger` (`passenger_id`, `dni`, `name`, `age`, `country`) VALUES (207, '503579123', 'Alexis', 30, 'Chile');
INSERT INTO `passenger` (`passenger_id`, `dni`, `name`, `age`, `country`) VALUES (208, '302129704', 'Patricio', 80, 'Chile');
INSERT INTO `passenger` (`passenger_id`, `dni`, `name`, `age`, `country`) VALUES (209, '443001667', 'Edith', 36, 'Chile');
INSERT INTO `passenger` (`passenger_id`, `dni`, `name`, `age`, `country`) VALUES (210, '730564380', 'Marisol', 66, 'Perú');
INSERT INTO `passenger` (`passenger_id`, `dni`, `name`, `age`, `country`) VALUES (211, '110380120', 'Alexis', 67, 'Chile');
INSERT INTO `passenger` (`passenger_id`, `dni`, `name`, `age`, `country`) VALUES (212, '583354512', 'Hernán', 37, 'México');
INSERT INTO `passenger` (`passenger_id`, `dni`, `name`, `age`, `country`) VALUES (213, '112817761', 'Fernanda', 19, 'México');
INSERT INTO `passenger` (`passenger_id`, `dni`, `name`, `age`, `country`) VALUES (214, '531664944', 'Andrés', 36, 'Perú');
INSERT INTO `passenger` (`passenger_id`, `dni`, `name`, `age`, `country`) VALUES (215, '162972597', 'Carolina', 35, 'Perú');
INSERT INTO `passenger` (`passenger_id`, `dni`, `name`, `age`, `country`) VALUES (216, '92578116', 'Fabiola', 36, 'México');
INSERT INTO `passenger` (`passenger_id`, `dni`, `name`, `age`, `country`) VALUES (217, '744486252', 'Julio', 56, 'México');
INSERT INTO `passenger` (`passenger_id`, `dni`, `name`, `age`, `country`) VALUES (218, '638377282', 'Nicolás', 68, 'México');
INSERT INTO `passenger` (`passenger_id`, `dni`, `name`, `age`, `country`) VALUES (219, '129435090', 'Osvaldo', 53, 'México');
INSERT INTO `passenger` (`passenger_id`, `dni`, `name`, `age`, `country`) VALUES (220, '238595418', 'Victoria', 22, 'Perú');
INSERT INTO `passenger` (`passenger_id`, `dni`, `name`, `age`, `country`) VALUES (221, '210840059', 'Melisa', 49, 'Chile');
INSERT INTO `passenger` (`passenger_id`, `dni`, `name`, `age`, `country`) VALUES (222, '967472782', 'Rolando', 37, 'Perú');
INSERT INTO `passenger` (`passenger_id`, `dni`, `name`, `age`, `country`) VALUES (223, '524798644', 'Mariana', 19, 'Perú');
INSERT INTO `passenger` (`passenger_id`, `dni`, `name`, `age`, `country`) VALUES (224, '969879862', 'Demetrio', 66, 'México');
INSERT INTO `passenger` (`passenger_id`, `dni`, `name`, `age`, `country`) VALUES (225, '871005632', 'Fernanda', 68, 'México');
INSERT INTO `passenger` (`passenger_id`, `dni`, `name`, `age`, `country`) VALUES (226, '103121246', 'Rafael', 46, 'Perú');
INSERT INTO `passenger` (`passenger_id`, `dni`, `name`, `age`, `country`) VALUES (227, '733954685', 'Enzo', 68, 'Chile');
INSERT INTO `passenger` (`passenger_id`, `dni`, `name`, `age`, `country`) VALUES (228, '698485047', 'Sergio', 57, 'México');
INSERT INTO `passenger` (`passenger_id`, `dni`, `name`, `age`, `country`) VALUES (229, '372158138', 'Elías', 49, 'Perú');
INSERT INTO `passenger` (`passenger_id`, `dni`, `name`, `age`, `country`) VALUES (230, '132353297', 'Paloma', 19, 'México');
INSERT INTO `passenger` (`passenger_id`, `dni`, `name`, `age`, `country`) VALUES (231, '772281710', 'Francisco', 64, 'Perú');
INSERT INTO `passenger` (`passenger_id`, `dni`, `name`, `age`, `country`) VALUES (232, '490045946', 'Diego', 57, 'Perú');
INSERT INTO `passenger` (`passenger_id`, `dni`, `name`, `age`, `country`) VALUES (233, '619564268', 'Ana', 31, 'Chile');
INSERT INTO `passenger` (`passenger_id`, `dni`, `name`, `age`, `country`) VALUES (234, '149986771', 'Sofía', 18, 'Chile');
INSERT INTO `passenger` (`passenger_id`, `dni`, `name`, `age`, `country`) VALUES (235, '458277718', 'Mariana', 42, 'Chile');
INSERT INTO `passenger` (`passenger_id`, `dni`, `name`, `age`, `country`) VALUES (236, '381304292', 'Mónica', 42, 'Chile');
INSERT INTO `passenger` (`passenger_id`, `dni`, `name`, `age`, `country`) VALUES (237, '964106703', 'Ana', 41, 'México');
INSERT INTO `passenger` (`passenger_id`, `dni`, `name`, `age`, `country`) VALUES (238, '246849647', 'Raúl', 52, 'Perú');
INSERT INTO `passenger` (`passenger_id`, `dni`, `name`, `age`, `country`) VALUES (239, '606165008', 'Gustavo', 50, 'Perú');
INSERT INTO `passenger` (`passenger_id`, `dni`, `name`, `age`, `country`) VALUES (240, '911284305', 'José', 80, 'México');
INSERT INTO `passenger` (`passenger_id`, `dni`, `name`, `age`, `country`) VALUES (241, '365837807', 'Rafaela', 20, 'Perú');
INSERT INTO `passenger` (`passenger_id`, `dni`, `name`, `age`, `country`) VALUES (242, '147481460', 'Rodrigo', 56, 'Chile');
INSERT INTO `passenger` (`passenger_id`, `dni`, `name`, `age`, `country`) VALUES (243, '519389578', 'Armando', 69, 'México');
INSERT INTO `passenger` (`passenger_id`, `dni`, `name`, `age`, `country`) VALUES (244, '530414848', 'Diego', 78, 'Chile');
INSERT INTO `passenger` (`passenger_id`, `dni`, `name`, `age`, `country`) VALUES (245, '662360523', 'Renato', 23, 'Perú');
INSERT INTO `passenger` (`passenger_id`, `dni`, `name`, `age`, `country`) VALUES (246, '330024935', 'Pamela', 69, 'Perú');
INSERT INTO `passenger` (`passenger_id`, `dni`, `name`, `age`, `country`) VALUES (247, '940964628', 'Lucila', 29, 'México');
INSERT INTO `passenger` (`passenger_id`, `dni`, `name`, `age`, `country`) VALUES (248, '583176284', 'Mireya', 22, 'Perú');
INSERT INTO `passenger` (`passenger_id`, `dni`, `name`, `age`, `country`) VALUES (249, '171848208', 'Daniella', 33, 'Chile');
INSERT INTO `passenger` (`passenger_id`, `dni`, `name`, `age`, `country`) VALUES (250, '883943823', 'Raquel', 65, 'Chile');
INSERT INTO `passenger` (`passenger_id`, `dni`, `name`, `age`, `country`) VALUES (251, '560763702', 'Graciela', 27, 'Chile');
INSERT INTO `passenger` (`passenger_id`, `dni`, `name`, `age`, `country`) VALUES (252, '198479458', 'Ernestina', 66, 'Perú');
INSERT INTO `passenger` (`passenger_id`, `dni`, `name`, `age`, `country`) VALUES (253, '399663290', 'Juan', 72, 'Chile');
INSERT INTO `passenger` (`passenger_id`, `dni`, `name`, `age`, `country`) VALUES (254, '319163181', 'Ingrid', 71, 'Perú');
INSERT INTO `passenger` (`passenger_id`, `dni`, `name`, `age`, `country`) VALUES (255, '172583769', 'Luz', 72, 'Perú');
INSERT INTO `passenger` (`passenger_id`, `dni`, `name`, `age`, `country`) VALUES (256, '140991944', 'Fermín', 64, 'México');
INSERT INTO `passenger` (`passenger_id`, `dni`, `name`, `age`, `country`) VALUES (257, '778169448', 'Raúl', 56, 'Chile');
INSERT INTO `passenger` (`passenger_id`, `dni`, `name`, `age`, `country`) VALUES (258, '46361394', 'Francisco', 60, 'Chile');
INSERT INTO `passenger` (`passenger_id`, `dni`, `name`, `age`, `country`) VALUES (259, '555752690', 'Ana', 55, 'Chile');
INSERT INTO `passenger` (`passenger_id`, `dni`, `name`, `age`, `country`) VALUES (260, '138149105', 'Rodrigo', 32, 'México');
INSERT INTO `passenger` (`passenger_id`, `dni`, `name`, `age`, `country`) VALUES (261, '623170998', 'Wilfredo', 58, 'Chile');
INSERT INTO `passenger` (`passenger_id`, `dni`, `name`, `age`, `country`) VALUES (262, '805071296', 'Esteban', 23, 'Perú');
INSERT INTO `passenger` (`passenger_id`, `dni`, `name`, `age`, `country`) VALUES (263, '359203627', 'Jorge', 27, 'Perú');
INSERT INTO `passenger` (`passenger_id`, `dni`, `name`, `age`, `country`) VALUES (264, '910179851', 'Óscar', 46, 'Perú');
INSERT INTO `passenger` (`passenger_id`, `dni`, `name`, `age`, `country`) VALUES (265, '799034166', 'Renato', 29, 'México');
INSERT INTO `passenger` (`passenger_id`, `dni`, `name`, `age`, `country`) VALUES (266, '965657451', 'Demetrio', 63, 'México');
INSERT INTO `passenger` (`passenger_id`, `dni`, `name`, `age`, `country`) VALUES (267, '135922685', 'Maritza', 65, 'México');
INSERT INTO `passenger` (`passenger_id`, `dni`, `name`, `age`, `country`) VALUES (268, '90386675', 'Esteban', 42, 'Chile');
INSERT INTO `passenger` (`passenger_id`, `dni`, `name`, `age`, `country`) VALUES (269, '104934714', 'Fanny', 36, 'Perú');
INSERT INTO `passenger` (`passenger_id`, `dni`, `name`, `age`, `country`) VALUES (270, '387014076', 'Gustavo', 35, 'Perú');
INSERT INTO `passenger` (`passenger_id`, `dni`, `name`, `age`, `country`) VALUES (271, '193878941', 'Francisco', 73, 'Perú');
INSERT INTO `passenger` (`passenger_id`, `dni`, `name`, `age`, `country`) VALUES (272, '649356960', 'Guillermo', 73, 'México');
INSERT INTO `passenger` (`passenger_id`, `dni`, `name`, `age`, `country`) VALUES (273, '838957319', 'Germán', 27, 'Perú');
INSERT INTO `passenger` (`passenger_id`, `dni`, `name`, `age`, `country`) VALUES (274, '609434920', 'Alfonso', 69, 'México');
INSERT INTO `passenger` (`passenger_id`, `dni`, `name`, `age`, `country`) VALUES (275, '392654999', 'Ana', 35, 'México');
INSERT INTO `passenger` (`passenger_id`, `dni`, `name`, `age`, `country`) VALUES (276, '533103177', 'Isabella', 25, 'Chile');
INSERT INTO `passenger` (`passenger_id`, `dni`, `name`, `age`, `country`) VALUES (277, '883357045', 'Juan', 23, 'Chile');
INSERT INTO `passenger` (`passenger_id`, `dni`, `name`, `age`, `country`) VALUES (278, '556906431', 'Rodrigo', 76, 'Perú');
INSERT INTO `passenger` (`passenger_id`, `dni`, `name`, `age`, `country`) VALUES (279, '765526615', 'José', 59, 'México');
INSERT INTO `passenger` (`passenger_id`, `dni`, `name`, `age`, `country`) VALUES (280, '72742412', 'Marisela', 65, 'Chile');
INSERT INTO `passenger` (`passenger_id`, `dni`, `name`, `age`, `country`) VALUES (281, '806050656', 'Angelina', 69, 'México');
INSERT INTO `passenger` (`passenger_id`, `dni`, `name`, `age`, `country`) VALUES (282, '262340335', 'Lorena', 34, 'Chile');
INSERT INTO `passenger` (`passenger_id`, `dni`, `name`, `age`, `country`) VALUES (283, '968950537', 'Marisol', 34, 'Perú');
INSERT INTO `passenger` (`passenger_id`, `dni`, `name`, `age`, `country`) VALUES (284, '458513672', 'Ivonne', 60, 'México');
INSERT INTO `passenger` (`passenger_id`, `dni`, `name`, `age`, `country`) VALUES (285, '614214754', 'Raúl', 34, 'Chile');
INSERT INTO `passenger` (`passenger_id`, `dni`, `name`, `age`, `country`) VALUES (286, '723517694', 'Micaela', 30, 'México');
INSERT INTO `passenger` (`passenger_id`, `dni`, `name`, `age`, `country`) VALUES (287, '223022882', 'Bárbara', 60, 'Chile');
INSERT INTO `passenger` (`passenger_id`, `dni`, `name`, `age`, `country`) VALUES (288, '190276755', 'Arturo', 64, 'México');
INSERT INTO `passenger` (`passenger_id`, `dni`, `name`, `age`, `country`) VALUES (289, '268760626', 'Francisco', 33, 'Perú');
INSERT INTO `passenger` (`passenger_id`, `dni`, `name`, `age`, `country`) VALUES (290, '860548345', 'César', 69, 'México');
INSERT INTO `passenger` (`passenger_id`, `dni`, `name`, `age`, `country`) VALUES (291, '375380088', 'Margarita', 39, 'Chile');
INSERT INTO `passenger` (`passenger_id`, `dni`, `name`, `age`, `country`) VALUES (292, '544341765', 'Juan', 47, 'México');
INSERT INTO `passenger` (`passenger_id`, `dni`, `name`, `age`, `country`) VALUES (293, '355093868', 'Rosalba', 43, 'Perú');
INSERT INTO `passenger` (`passenger_id`, `dni`, `name`, `age`, `country`) VALUES (294, '610597983', 'Camila', 57, 'Chile');
INSERT INTO `passenger` (`passenger_id`, `dni`, `name`, `age`, `country`) VALUES (295, '282400432', 'Juan', 69, 'Chile');
INSERT INTO `passenger` (`passenger_id`, `dni`, `name`, `age`, `country`) VALUES (296, '629235034', 'Verónica', 48, 'Chile');
INSERT INTO `passenger` (`passenger_id`, `dni`, `name`, `age`, `country`) VALUES (297, '572639584', 'Gabriel', 28, 'Chile');
INSERT INTO `passenger` (`passenger_id`, `dni`, `name`, `age`, `country`) VALUES (298, '667475052', 'Mauricio', 22, 'Chile');
INSERT INTO `passenger` (`passenger_id`, `dni`, `name`, `age`, `country`) VALUES (299, '343060091', 'Rodrigo', 49, 'México');
INSERT INTO `passenger` (`passenger_id`, `dni`, `name`, `age`, `country`) VALUES (300, '600461212', 'Sergio', 46, 'Chile');
INSERT INTO `passenger` (`passenger_id`, `dni`, `name`, `age`, `country`) VALUES (301, '311619351', 'Angelina', 74, 'Chile');
INSERT INTO `passenger` (`passenger_id`, `dni`, `name`, `age`, `country`) VALUES (302, '612965573', 'Julio', 43, 'México');
INSERT INTO `passenger` (`passenger_id`, `dni`, `name`, `age`, `country`) VALUES (303, '869447692', 'Wilfredo', 80, 'México');
INSERT INTO `passenger` (`passenger_id`, `dni`, `name`, `age`, `country`) VALUES (304, '363938415', 'Rodrigo', 28, 'México');
INSERT INTO `passenger` (`passenger_id`, `dni`, `name`, `age`, `country`) VALUES (305, '15922187', 'Daniella', 83, 'México');
INSERT INTO `passenger` (`passenger_id`, `dni`, `name`, `age`, `country`) VALUES (306, '316542673', 'Rafaela', 67, 'Chile');
INSERT INTO `passenger` (`passenger_id`, `dni`, `name`, `age`, `country`) VALUES (307, '485535806', 'Luciana', 55, 'México');
INSERT INTO `passenger` (`passenger_id`, `dni`, `name`, `age`, `country`) VALUES (308, '435704626', 'Isaac', 77, 'Chile');
INSERT INTO `passenger` (`passenger_id`, `dni`, `name`, `age`, `country`) VALUES (309, '268227549', 'José', 24, 'México');
INSERT INTO `passenger` (`passenger_id`, `dni`, `name`, `age`, `country`) VALUES (310, '110793783', 'David', 24, 'Perú');
INSERT INTO `passenger` (`passenger_id`, `dni`, `name`, `age`, `country`) VALUES (311, '944892124', 'Arturo', 62, 'Perú');
INSERT INTO `passenger` (`passenger_id`, `dni`, `name`, `age`, `country`) VALUES (312, '578044249', 'René', 87, 'Chile');
INSERT INTO `passenger` (`passenger_id`, `dni`, `name`, `age`, `country`) VALUES (313, '302908009', 'Edith', 76, 'Chile');
INSERT INTO `passenger` (`passenger_id`, `dni`, `name`, `age`, `country`) VALUES (314, '471023268', 'Patricio', 44, 'Perú');
INSERT INTO `passenger` (`passenger_id`, `dni`, `name`, `age`, `country`) VALUES (315, '793607604', 'Verónica', 56, 'Perú');
INSERT INTO `passenger` (`passenger_id`, `dni`, `name`, `age`, `country`) VALUES (316, '185836082', 'Rodrigo', 67, 'México');
INSERT INTO `passenger` (`passenger_id`, `dni`, `name`, `age`, `country`) VALUES (317, '88762610', 'Felipe', 46, 'Chile');
INSERT INTO `passenger` (`passenger_id`, `dni`, `name`, `age`, `country`) VALUES (318, '694938042', 'Juan', 26, 'Chile');
INSERT INTO `passenger` (`passenger_id`, `dni`, `name`, `age`, `country`) VALUES (319, '905118024', 'Jorge', 74, 'Chile');
INSERT INTO `passenger` (`passenger_id`, `dni`, `name`, `age`, `country`) VALUES (320, '215587866', 'Germán', 78, 'Chile');
INSERT INTO `passenger` (`passenger_id`, `dni`, `name`, `age`, `country`) VALUES (321, '647854438', 'Juan', 56, 'México');
INSERT INTO `passenger` (`passenger_id`, `dni`, `name`, `age`, `country`) VALUES (322, '548128712', 'Lourdes', 23, 'Perú');
INSERT INTO `passenger` (`passenger_id`, `dni`, `name`, `age`, `country`) VALUES (323, '296019737', 'Karen', 52, 'México');
INSERT INTO `passenger` (`passenger_id`, `dni`, `name`, `age`, `country`) VALUES (324, '935284000', 'Jorge', 19, 'Chile');
INSERT INTO `passenger` (`passenger_id`, `dni`, `name`, `age`, `country`) VALUES (325, '325615354', 'Yolanda', 63, 'Chile');
INSERT INTO `passenger` (`passenger_id`, `dni`, `name`, `age`, `country`) VALUES (326, '423507810', 'Maritza', 21, 'Perú');
INSERT INTO `passenger` (`passenger_id`, `dni`, `name`, `age`, `country`) VALUES (327, '746789202', 'María', 62, 'Perú');
INSERT INTO `passenger` (`passenger_id`, `dni`, `name`, `age`, `country`) VALUES (328, '804011329', 'Paola', 57, 'Perú');
INSERT INTO `passenger` (`passenger_id`, `dni`, `name`, `age`, `country`) VALUES (329, '448181141', 'Gabriela', 73, 'Perú');
INSERT INTO `passenger` (`passenger_id`, `dni`, `name`, `age`, `country`) VALUES (330, '191069959', 'Paola', 66, 'Chile');
INSERT INTO `passenger` (`passenger_id`, `dni`, `name`, `age`, `country`) VALUES (331, '59473613', 'Catalina', 66, 'México');
INSERT INTO `passenger` (`passenger_id`, `dni`, `name`, `age`, `country`) VALUES (332, '357729163', 'Daniela', 42, 'Perú');
INSERT INTO `passenger` (`passenger_id`, `dni`, `name`, `age`, `country`) VALUES (333, '870708929', 'Miguel', 21, 'Chile');
INSERT INTO `passenger` (`passenger_id`, `dni`, `name`, `age`, `country`) VALUES (334, '454089045', 'Carlos', 27, 'Perú');
INSERT INTO `passenger` (`passenger_id`, `dni`, `name`, `age`, `country`) VALUES (335, '925062541', 'Claudia', 20, 'México');
INSERT INTO `passenger` (`passenger_id`, `dni`, `name`, `age`, `country`) VALUES (336, '560033653', 'Agustín', 59, 'Perú');
INSERT INTO `passenger` (`passenger_id`, `dni`, `name`, `age`, `country`) VALUES (337, '627315840', 'Leonardo', 79, 'México');
INSERT INTO `passenger` (`passenger_id`, `dni`, `name`, `age`, `country`) VALUES (338, '335230932', 'Ignacio', 67, 'Perú');
INSERT INTO `passenger` (`passenger_id`, `dni`, `name`, `age`, `country`) VALUES (339, '227725607', 'Yolanda', 40, 'Perú');
INSERT INTO `passenger` (`passenger_id`, `dni`, `name`, `age`, `country`) VALUES (340, '261224066', 'Mateo', 77, 'México');
INSERT INTO `passenger` (`passenger_id`, `dni`, `name`, `age`, `country`) VALUES (341, '163582905', 'Mauricio', 78, 'Chile');
INSERT INTO `passenger` (`passenger_id`, `dni`, `name`, `age`, `country`) VALUES (342, '726639589', 'Ramiro', 51, 'México');
INSERT INTO `passenger` (`passenger_id`, `dni`, `name`, `age`, `country`) VALUES (343, '323495670', 'Tomás', 45, 'Perú');
INSERT INTO `passenger` (`passenger_id`, `dni`, `name`, `age`, `country`) VALUES (344, '183526231', 'Ana', 35, 'México');
INSERT INTO `passenger` (`passenger_id`, `dni`, `name`, `age`, `country`) VALUES (345, '973334105', 'Ana', 72, 'Perú');
INSERT INTO `passenger` (`passenger_id`, `dni`, `name`, `age`, `country`) VALUES (346, '44813565', 'Andrés', 58, 'México');
INSERT INTO `passenger` (`passenger_id`, `dni`, `name`, `age`, `country`) VALUES (347, '232511479', 'Enrique', 29, 'México');
INSERT INTO `passenger` (`passenger_id`, `dni`, `name`, `age`, `country`) VALUES (348, '424260770', 'Gustavo', 73, 'México');
INSERT INTO `passenger` (`passenger_id`, `dni`, `name`, `age`, `country`) VALUES (349, '106929221', 'Mireya', 24, 'Chile');
INSERT INTO `passenger` (`passenger_id`, `dni`, `name`, `age`, `country`) VALUES (350, '737767158', 'Diana', 76, 'Chile');
INSERT INTO `passenger` (`passenger_id`, `dni`, `name`, `age`, `country`) VALUES (351, '696237819', 'Javier', 60, 'Chile');
INSERT INTO `passenger` (`passenger_id`, `dni`, `name`, `age`, `country`) VALUES (352, '518351840', 'Lidia', 70, 'Chile');
INSERT INTO `passenger` (`passenger_id`, `dni`, `name`, `age`, `country`) VALUES (353, '567170331', 'Mariana', 65, 'México');
INSERT INTO `passenger` (`passenger_id`, `dni`, `name`, `age`, `country`) VALUES (354, '389094266', 'Aitana', 81, 'Chile');
INSERT INTO `passenger` (`passenger_id`, `dni`, `name`, `age`, `country`) VALUES (355, '479577498', 'Lucila', 77, 'Chile');
INSERT INTO `passenger` (`passenger_id`, `dni`, `name`, `age`, `country`) VALUES (356, '833586279', 'Enzo', 37, 'Perú');
INSERT INTO `passenger` (`passenger_id`, `dni`, `name`, `age`, `country`) VALUES (357, '520920866', 'José', 30, 'Chile');
INSERT INTO `passenger` (`passenger_id`, `dni`, `name`, `age`, `country`) VALUES (358, '184799118', 'Julio', 65, 'Perú');
INSERT INTO `passenger` (`passenger_id`, `dni`, `name`, `age`, `country`) VALUES (359, '967802845', 'Fernanda', 22, 'Perú');
INSERT INTO `passenger` (`passenger_id`, `dni`, `name`, `age`, `country`) VALUES (360, '74489978', 'Edith', 32, 'Perú');
INSERT INTO `passenger` (`passenger_id`, `dni`, `name`, `age`, `country`) VALUES (361, '481998291', 'Rosa', 91, 'México');
INSERT INTO `passenger` (`passenger_id`, `dni`, `name`, `age`, `country`) VALUES (362, '230818529', 'Adrián', 46, 'Perú');
INSERT INTO `passenger` (`passenger_id`, `dni`, `name`, `age`, `country`) VALUES (363, '732482557', 'Lourdes', 33, 'México');
INSERT INTO `passenger` (`passenger_id`, `dni`, `name`, `age`, `country`) VALUES (364, '936301124', 'Diego', 54, 'Chile');
INSERT INTO `passenger` (`passenger_id`, `dni`, `name`, `age`, `country`) VALUES (365, '467977124', 'Manuel', 22, 'México');
INSERT INTO `passenger` (`passenger_id`, `dni`, `name`, `age`, `country`) VALUES (366, '105019207', 'Wilfredo', 55, 'México');
INSERT INTO `passenger` (`passenger_id`, `dni`, `name`, `age`, `country`) VALUES (367, '311254858', 'Paloma', 36, 'México');
INSERT INTO `passenger` (`passenger_id`, `dni`, `name`, `age`, `country`) VALUES (368, '17622321', 'Miriam', 65, 'Chile');
INSERT INTO `passenger` (`passenger_id`, `dni`, `name`, `age`, `country`) VALUES (369, '920575052', 'Natalia', 20, 'Perú');
INSERT INTO `passenger` (`passenger_id`, `dni`, `name`, `age`, `country`) VALUES (370, '312600439', 'Isabel', 42, 'Perú');
INSERT INTO `passenger` (`passenger_id`, `dni`, `name`, `age`, `country`) VALUES (371, '85068096', 'Sofía', 32, 'Perú');
INSERT INTO `passenger` (`passenger_id`, `dni`, `name`, `age`, `country`) VALUES (372, '124603116', 'Tomás', 18, 'Perú');
INSERT INTO `passenger` (`passenger_id`, `dni`, `name`, `age`, `country`) VALUES (373, '268629986', 'Miriam', 64, 'Chile');
INSERT INTO `passenger` (`passenger_id`, `dni`, `name`, `age`, `country`) VALUES (374, '342671595', 'Ana', 57, 'Chile');
INSERT INTO `passenger` (`passenger_id`, `dni`, `name`, `age`, `country`) VALUES (375, '906403870', 'Carolina', 46, 'Perú');
INSERT INTO `passenger` (`passenger_id`, `dni`, `name`, `age`, `country`) VALUES (376, '723817757', 'Guillermo', 51, 'Chile');
INSERT INTO `passenger` (`passenger_id`, `dni`, `name`, `age`, `country`) VALUES (377, '445890113', 'Gustavo', 50, 'México');
INSERT INTO `passenger` (`passenger_id`, `dni`, `name`, `age`, `country`) VALUES (378, '455238383', 'Luciana', 79, 'México');
INSERT INTO `passenger` (`passenger_id`, `dni`, `name`, `age`, `country`) VALUES (379, '661906120', 'Verónica', 74, 'Perú');
INSERT INTO `passenger` (`passenger_id`, `dni`, `name`, `age`, `country`) VALUES (380, '737142066', 'Roberto', 80, 'Perú');
INSERT INTO `passenger` (`passenger_id`, `dni`, `name`, `age`, `country`) VALUES (381, '537874194', 'Victoria', 60, 'México');
INSERT INTO `passenger` (`passenger_id`, `dni`, `name`, `age`, `country`) VALUES (382, '984235534', 'Claudia', 23, 'México');
INSERT INTO `passenger` (`passenger_id`, `dni`, `name`, `age`, `country`) VALUES (383, '483288955', 'Luciana', 35, 'México');
INSERT INTO `passenger` (`passenger_id`, `dni`, `name`, `age`, `country`) VALUES (384, '338258455', 'Daniel', 22, 'México');
INSERT INTO `passenger` (`passenger_id`, `dni`, `name`, `age`, `country`) VALUES (385, '535454209', 'Mariana', 15, 'México');
INSERT INTO `passenger` (`passenger_id`, `dni`, `name`, `age`, `country`) VALUES (386, '414278150', 'Andrés', 36, 'Chile');
INSERT INTO `passenger` (`passenger_id`, `dni`, `name`, `age`, `country`) VALUES (387, '993715651', 'Ismael', 25, 'México');
INSERT INTO `passenger` (`passenger_id`, `dni`, `name`, `age`, `country`) VALUES (388, '528523186', 'Claudia', 56, 'México');
INSERT INTO `passenger` (`passenger_id`, `dni`, `name`, `age`, `country`) VALUES (389, '242779634', 'Melisa', 77, 'México');
INSERT INTO `passenger` (`passenger_id`, `dni`, `name`, `age`, `country`) VALUES (390, '276878633', 'Francisco', 18, 'Chile');
INSERT INTO `passenger` (`passenger_id`, `dni`, `name`, `age`, `country`) VALUES (391, '758381853', 'Sofía', 56, 'Perú');
INSERT INTO `passenger` (`passenger_id`, `dni`, `name`, `age`, `country`) VALUES (392, '768730189', 'Diego', 28, 'México');
INSERT INTO `passenger` (`passenger_id`, `dni`, `name`, `age`, `country`) VALUES (393, '424541984', 'José', 65, 'Chile');
INSERT INTO `passenger` (`passenger_id`, `dni`, `name`, `age`, `country`) VALUES (394, '375798402', 'Juan', 75, 'México');
INSERT INTO `passenger` (`passenger_id`, `dni`, `name`, `age`, `country`) VALUES (395, '718867829', 'Samuel', 84, 'México');
INSERT INTO `passenger` (`passenger_id`, `dni`, `name`, `age`, `country`) VALUES (396, '182773555', 'José', 80, 'Perú');
INSERT INTO `passenger` (`passenger_id`, `dni`, `name`, `age`, `country`) VALUES (397, '892559029', 'Ana', 34, 'Chile');
INSERT INTO `passenger` (`passenger_id`, `dni`, `name`, `age`, `country`) VALUES (398, '508439507', 'Micaela', 41, 'Chile');
INSERT INTO `passenger` (`passenger_id`, `dni`, `name`, `age`, `country`) VALUES (399, '792743940', 'Fanny', 30, 'México');
INSERT INTO `passenger` (`passenger_id`, `dni`, `name`, `age`, `country`) VALUES (400, '358024615', 'Camila', 66, 'México');
INSERT INTO `passenger` (`passenger_id`, `dni`, `name`, `age`, `country`) VALUES (401, '467739248', 'Ignacia', 71, 'Perú');
INSERT INTO `passenger` (`passenger_id`, `dni`, `name`, `age`, `country`) VALUES (402, '839059489', 'Loreto', 69, 'Chile');
INSERT INTO `passenger` (`passenger_id`, `dni`, `name`, `age`, `country`) VALUES (403, '407177721', 'Agustín', 69, 'México');
INSERT INTO `passenger` (`passenger_id`, `dni`, `name`, `age`, `country`) VALUES (404, '145177742', 'Lourdes', 52, 'Perú');
INSERT INTO `passenger` (`passenger_id`, `dni`, `name`, `age`, `country`) VALUES (405, '344931887', 'María', 58, 'Chile');
INSERT INTO `passenger` (`passenger_id`, `dni`, `name`, `age`, `country`) VALUES (406, '404459736', 'Francisco', 3, 'Chile');
INSERT INTO `passenger` (`passenger_id`, `dni`, `name`, `age`, `country`) VALUES (407, '805747353', 'Amanda', 62, 'Perú');
INSERT INTO `passenger` (`passenger_id`, `dni`, `name`, `age`, `country`) VALUES (408, '529295995', 'Francisco', 68, 'Chile');
INSERT INTO `passenger` (`passenger_id`, `dni`, `name`, `age`, `country`) VALUES (409, '442299994', 'Enzo', 47, 'México');
INSERT INTO `passenger` (`passenger_id`, `dni`, `name`, `age`, `country`) VALUES (410, '714206771', 'Laura', 40, 'Perú');
INSERT INTO `passenger` (`passenger_id`, `dni`, `name`, `age`, `country`) VALUES (411, '807030690', 'Daniela', 34, 'México');
INSERT INTO `passenger` (`passenger_id`, `dni`, `name`, `age`, `country`) VALUES (412, '319718573', 'Rocío', 63, 'Perú');
INSERT INTO `passenger` (`passenger_id`, `dni`, `name`, `age`, `country`) VALUES (413, '903228866', 'Rosa', 68, 'México');
INSERT INTO `passenger` (`passenger_id`, `dni`, `name`, `age`, `country`) VALUES (414, '345840976', 'Fabiana', 36, 'Chile');
INSERT INTO `passenger` (`passenger_id`, `dni`, `name`, `age`, `country`) VALUES (415, '139371904', 'Gabriela', 73, 'Perú');
INSERT INTO `passenger` (`passenger_id`, `dni`, `name`, `age`, `country`) VALUES (416, '638492164', 'Diana', 37, 'México');
INSERT INTO `passenger` (`passenger_id`, `dni`, `name`, `age`, `country`) VALUES (417, '778997357', 'Joaquín', 52, 'Chile');
INSERT INTO `passenger` (`passenger_id`, `dni`, `name`, `age`, `country`) VALUES (418, '290173177', 'Luciana', 18, 'Perú');
INSERT INTO `passenger` (`passenger_id`, `dni`, `name`, `age`, `country`) VALUES (419, '547875808', 'Mónica', 35, 'Perú');
INSERT INTO `passenger` (`passenger_id`, `dni`, `name`, `age`, `country`) VALUES (420, '470362719', 'Paloma', 66, 'México');
INSERT INTO `passenger` (`passenger_id`, `dni`, `name`, `age`, `country`) VALUES (421, '889441859', 'Sofía', 77, 'Chile');
INSERT INTO `passenger` (`passenger_id`, `dni`, `name`, `age`, `country`) VALUES (422, '19886700', 'Javier', 37, 'México');
INSERT INTO `passenger` (`passenger_id`, `dni`, `name`, `age`, `country`) VALUES (423, '849449584', 'Miguel', 73, 'Perú');
INSERT INTO `passenger` (`passenger_id`, `dni`, `name`, `age`, `country`) VALUES (424, '927833419', 'Fermín', 38, 'Perú');
INSERT INTO `passenger` (`passenger_id`, `dni`, `name`, `age`, `country`) VALUES (425, '504703347', 'Margarita', 67, 'México');
INSERT INTO `passenger` (`passenger_id`, `dni`, `name`, `age`, `country`) VALUES (426, '265611844', 'Victoria', 38, 'Perú');
INSERT INTO `passenger` (`passenger_id`, `dni`, `name`, `age`, `country`) VALUES (427, '494259624', 'Álvaro', 66, 'Perú');
INSERT INTO `passenger` (`passenger_id`, `dni`, `name`, `age`, `country`) VALUES (428, '387537099', 'Claudia', 56, 'Chile');
INSERT INTO `passenger` (`passenger_id`, `dni`, `name`, `age`, `country`) VALUES (429, '796605474', 'José', 24, 'México');
INSERT INTO `passenger` (`passenger_id`, `dni`, `name`, `age`, `country`) VALUES (430, '183728032', 'Wilfredo', 21, 'Perú');
INSERT INTO `passenger` (`passenger_id`, `dni`, `name`, `age`, `country`) VALUES (431, '739898077', 'Ernesto', 44, 'Chile');
INSERT INTO `passenger` (`passenger_id`, `dni`, `name`, `age`, `country`) VALUES (432, '258927359', 'Gonzalo', 19, 'Perú');
INSERT INTO `passenger` (`passenger_id`, `dni`, `name`, `age`, `country`) VALUES (433, '405319026', 'Luciana', 69, 'Chile');
INSERT INTO `passenger` (`passenger_id`, `dni`, `name`, `age`, `country`) VALUES (434, '324451434', 'Isabel', 75, 'Perú');
INSERT INTO `passenger` (`passenger_id`, `dni`, `name`, `age`, `country`) VALUES (435, '993352874', 'Amanda', 18, 'Chile');
INSERT INTO `passenger` (`passenger_id`, `dni`, `name`, `age`, `country`) VALUES (436, '57538105', 'Ana', 53, 'Chile');
INSERT INTO `passenger` (`passenger_id`, `dni`, `name`, `age`, `country`) VALUES (437, '586204891', 'Francisco', 75, 'México');
INSERT INTO `passenger` (`passenger_id`, `dni`, `name`, `age`, `country`) VALUES (438, '339403831', 'Arturo', 32, 'México');
INSERT INTO `passenger` (`passenger_id`, `dni`, `name`, `age`, `country`) VALUES (439, '625876127', 'Diego', 43, 'México');
INSERT INTO `passenger` (`passenger_id`, `dni`, `name`, `age`, `country`) VALUES (440, '754014143', 'Sergio', 65, 'Chile');
INSERT INTO `passenger` (`passenger_id`, `dni`, `name`, `age`, `country`) VALUES (441, '714374354', 'Brenda', 74, 'Chile');
INSERT INTO `passenger` (`passenger_id`, `dni`, `name`, `age`, `country`) VALUES (442, '926144647', 'Luz', 79, 'Perú');
INSERT INTO `passenger` (`passenger_id`, `dni`, `name`, `age`, `country`) VALUES (443, '242085838', 'Gonzalo', 56, 'Perú');
INSERT INTO `passenger` (`passenger_id`, `dni`, `name`, `age`, `country`) VALUES (444, '605502987', 'César', 53, 'Chile');
INSERT INTO `passenger` (`passenger_id`, `dni`, `name`, `age`, `country`) VALUES (445, '416349663', 'Carlos', 27, 'Chile');
INSERT INTO `passenger` (`passenger_id`, `dni`, `name`, `age`, `country`) VALUES (446, '465706640', 'Karina', 74, 'México');
INSERT INTO `passenger` (`passenger_id`, `dni`, `name`, `age`, `country`) VALUES (447, '247821918', 'Nélida', 78, 'Chile');
INSERT INTO `passenger` (`passenger_id`, `dni`, `name`, `age`, `country`) VALUES (448, '201255393', 'Margarita', 73, 'Chile');
INSERT INTO `passenger` (`passenger_id`, `dni`, `name`, `age`, `country`) VALUES (449, '676288246', 'Sonia', 18, 'Perú');
INSERT INTO `passenger` (`passenger_id`, `dni`, `name`, `age`, `country`) VALUES (450, '263164318', 'Hernán', 59, 'México');
INSERT INTO `passenger` (`passenger_id`, `dni`, `name`, `age`, `country`) VALUES (451, '171019965', 'Margarita', 72, 'México');
INSERT INTO `passenger` (`passenger_id`, `dni`, `name`, `age`, `country`) VALUES (452, '606735671', 'Víctor', 24, 'Perú');
INSERT INTO `passenger` (`passenger_id`, `dni`, `name`, `age`, `country`) VALUES (453, '186580965', 'Ingrid', 70, 'Perú');
INSERT INTO `passenger` (`passenger_id`, `dni`, `name`, `age`, `country`) VALUES (454, '777335179', 'Julio', 58, 'Perú');
INSERT INTO `passenger` (`passenger_id`, `dni`, `name`, `age`, `country`) VALUES (455, '252538771', 'Marisol', 58, 'Chile');
INSERT INTO `passenger` (`passenger_id`, `dni`, `name`, `age`, `country`) VALUES (456, '560535413', 'Luciana', 79, 'Perú');
INSERT INTO `passenger` (`passenger_id`, `dni`, `name`, `age`, `country`) VALUES (457, '876383887', 'Alejandra', 79, 'México');
INSERT INTO `passenger` (`passenger_id`, `dni`, `name`, `age`, `country`) VALUES (458, '925045646', 'Luisa', 61, 'Chile');
INSERT INTO `passenger` (`passenger_id`, `dni`, `name`, `age`, `country`) VALUES (459, '284047987', 'Octavio', 55, 'México');
INSERT INTO `passenger` (`passenger_id`, `dni`, `name`, `age`, `country`) VALUES (460, '357197881', 'Demetrio', 19, 'Perú');
INSERT INTO `passenger` (`passenger_id`, `dni`, `name`, `age`, `country`) VALUES (461, '191524532', 'Susana', 56, 'Chile');
INSERT INTO `passenger` (`passenger_id`, `dni`, `name`, `age`, `country`) VALUES (462, '287548699', 'José', 53, 'Chile');
INSERT INTO `passenger` (`passenger_id`, `dni`, `name`, `age`, `country`) VALUES (463, '384873420', 'Luis', 63, 'Chile');
INSERT INTO `passenger` (`passenger_id`, `dni`, `name`, `age`, `country`) VALUES (464, '624498612', 'Fabiana', 19, 'Perú');
INSERT INTO `passenger` (`passenger_id`, `dni`, `name`, `age`, `country`) VALUES (465, '845826085', 'Lucila', 32, 'México');
INSERT INTO `passenger` (`passenger_id`, `dni`, `name`, `age`, `country`) VALUES (466, '207534551', 'Milagros', 63, 'Chile');
INSERT INTO `passenger` (`passenger_id`, `dni`, `name`, `age`, `country`) VALUES (467, '354785211', 'Juan', 76, 'Chile');
INSERT INTO `passenger` (`passenger_id`, `dni`, `name`, `age`, `country`) VALUES (468, '13158757', 'Paola', 73, 'México');
INSERT INTO `passenger` (`passenger_id`, `dni`, `name`, `age`, `country`) VALUES (469, '711604122', 'María', 74, 'México');
INSERT INTO `passenger` (`passenger_id`, `dni`, `name`, `age`, `country`) VALUES (470, '488009306', 'Nilda', 79, 'Chile');
INSERT INTO `passenger` (`passenger_id`, `dni`, `name`, `age`, `country`) VALUES (471, '962026271', 'Gustavo', 52, 'México');
INSERT INTO `passenger` (`passenger_id`, `dni`, `name`, `age`, `country`) VALUES (472, '250964645', 'Francisco', 23, 'Perú');
INSERT INTO `passenger` (`passenger_id`, `dni`, `name`, `age`, `country`) VALUES (473, '356274821', 'Aitana', 68, 'Perú');
INSERT INTO `passenger` (`passenger_id`, `dni`, `name`, `age`, `country`) VALUES (474, '472975771', 'Isidora', 29, 'Perú');
INSERT INTO `passenger` (`passenger_id`, `dni`, `name`, `age`, `country`) VALUES (475, '147965259', 'Constanza', 28, 'México');
INSERT INTO `passenger` (`passenger_id`, `dni`, `name`, `age`, `country`) VALUES (476, '122769212', 'Miriam', 19, 'México');
INSERT INTO `passenger` (`passenger_id`, `dni`, `name`, `age`, `country`) VALUES (477, '577224393', 'Leticia', 70, 'Perú');
INSERT INTO `passenger` (`passenger_id`, `dni`, `name`, `age`, `country`) VALUES (478, '9933125', 'Felipe', 47, 'Chile');
INSERT INTO `passenger` (`passenger_id`, `dni`, `name`, `age`, `country`) VALUES (479, '862141675', 'David', 39, 'Chile');
INSERT INTO `passenger` (`passenger_id`, `dni`, `name`, `age`, `country`) VALUES (480, '831572116', 'Sofía', 22, 'Perú');
INSERT INTO `passenger` (`passenger_id`, `dni`, `name`, `age`, `country`) VALUES (481, '585482320', 'Enrique', 72, 'México');
INSERT INTO `passenger` (`passenger_id`, `dni`, `name`, `age`, `country`) VALUES (482, '912114625', 'Néstor', 23, 'México');
INSERT INTO `passenger` (`passenger_id`, `dni`, `name`, `age`, `country`) VALUES (483, '350931060', 'Lucía', 66, 'Perú');
INSERT INTO `passenger` (`passenger_id`, `dni`, `name`, `age`, `country`) VALUES (484, '728542475', 'Raquel', 59, 'Chile');
INSERT INTO `passenger` (`passenger_id`, `dni`, `name`, `age`, `country`) VALUES (485, '925180904', 'Luis', 41, 'Perú');
INSERT INTO `passenger` (`passenger_id`, `dni`, `name`, `age`, `country`) VALUES (486, '443257491', 'Verónica', 74, 'México');
INSERT INTO `passenger` (`passenger_id`, `dni`, `name`, `age`, `country`) VALUES (487, '634081606', 'Demetrio', 57, 'Chile');
INSERT INTO `passenger` (`passenger_id`, `dni`, `name`, `age`, `country`) VALUES (488, '572098658', 'Aldo', 76, 'Chile');
INSERT INTO `passenger` (`passenger_id`, `dni`, `name`, `age`, `country`) VALUES (489, '970883838', 'Sonia', 48, 'Perú');
INSERT INTO `passenger` (`passenger_id`, `dni`, `name`, `age`, `country`) VALUES (490, '798668830', 'Alexandra', 51, 'México');
INSERT INTO `passenger` (`passenger_id`, `dni`, `name`, `age`, `country`) VALUES (491, '546770527', 'Mariana', 74, 'México');
INSERT INTO `passenger` (`passenger_id`, `dni`, `name`, `age`, `country`) VALUES (492, '91738040', 'Monserrat', 77, 'Perú');
INSERT INTO `passenger` (`passenger_id`, `dni`, `name`, `age`, `country`) VALUES (493, '509506445', 'Raquel', 39, 'Chile');
INSERT INTO `passenger` (`passenger_id`, `dni`, `name`, `age`, `country`) VALUES (494, '514182289', 'Julio', 36, 'Chile');
INSERT INTO `passenger` (`passenger_id`, `dni`, `name`, `age`, `country`) VALUES (495, '200786235', 'David', 36, 'Perú');
INSERT INTO `passenger` (`passenger_id`, `dni`, `name`, `age`, `country`) VALUES (496, '390400667', 'Tatiana', 85, 'Chile');
INSERT INTO `passenger` (`passenger_id`, `dni`, `name`, `age`, `country`) VALUES (497, '956347328', 'Natalia', 57, 'Perú');
INSERT INTO `passenger` (`passenger_id`, `dni`, `name`, `age`, `country`) VALUES (498, '983801608', 'Nicolás', 69, 'Chile');
INSERT INTO `passenger` (`passenger_id`, `dni`, `name`, `age`, `country`) VALUES (499, '287279248', 'Maritza', 34, 'Chile');
INSERT INTO `passenger` (`passenger_id`, `dni`, `name`, `age`, `country`) VALUES (500, '754152935', 'Miguel', 79, 'Perú');
INSERT INTO `passenger` (`passenger_id`, `dni`, `name`, `age`, `country`) VALUES (501, '310922497', 'Valeria', 35, 'México');
INSERT INTO `passenger` (`passenger_id`, `dni`, `name`, `age`, `country`) VALUES (502, '510429547', 'Renato', 73, 'México');
INSERT INTO `passenger` (`passenger_id`, `dni`, `name`, `age`, `country`) VALUES (503, '425602719', 'Luis', 59, 'México');
INSERT INTO `passenger` (`passenger_id`, `dni`, `name`, `age`, `country`) VALUES (504, '28531213', 'Maritza', 77, 'México');
INSERT INTO `passenger` (`passenger_id`, `dni`, `name`, `age`, `country`) VALUES (505, '837578607', 'Celeste', 66, 'Perú');
INSERT INTO `passenger` (`passenger_id`, `dni`, `name`, `age`, `country`) VALUES (506, '550616006', 'Roberto', 73, 'México');
INSERT INTO `passenger` (`passenger_id`, `dni`, `name`, `age`, `country`) VALUES (507, '177764395', 'Miguel', 75, 'Chile');
INSERT INTO `passenger` (`passenger_id`, `dni`, `name`, `age`, `country`) VALUES (508, '295430492', 'Víctor', 20, 'México');
INSERT INTO `passenger` (`passenger_id`, `dni`, `name`, `age`, `country`) VALUES (509, '511593544', 'Agustín', 48, 'Perú');
INSERT INTO `passenger` (`passenger_id`, `dni`, `name`, `age`, `country`) VALUES (510, '132557100', 'Laura', 63, 'Perú');
INSERT INTO `passenger` (`passenger_id`, `dni`, `name`, `age`, `country`) VALUES (511, '826833857', 'Adriana', 22, 'México');
INSERT INTO `passenger` (`passenger_id`, `dni`, `name`, `age`, `country`) VALUES (512, '241536911', 'Raúl', 53, 'México');
INSERT INTO `passenger` (`passenger_id`, `dni`, `name`, `age`, `country`) VALUES (513, '886477169', 'Lucía', 76, 'Perú');
INSERT INTO `passenger` (`passenger_id`, `dni`, `name`, `age`, `country`) VALUES (514, '923215378', 'Julio', 60, 'México');
INSERT INTO `passenger` (`passenger_id`, `dni`, `name`, `age`, `country`) VALUES (515, '41771513', 'Camila', 80, 'Chile');
INSERT INTO `passenger` (`passenger_id`, `dni`, `name`, `age`, `country`) VALUES (516, '82097240', 'Carolina', 66, 'Perú');
INSERT INTO `passenger` (`passenger_id`, `dni`, `name`, `age`, `country`) VALUES (517, '268045819', 'Joaquín', 25, 'Chile');
INSERT INTO `passenger` (`passenger_id`, `dni`, `name`, `age`, `country`) VALUES (518, '137768166', 'Carolina', 63, 'México');
INSERT INTO `passenger` (`passenger_id`, `dni`, `name`, `age`, `country`) VALUES (519, '647378558', 'Gabriel', 43, 'Perú');
INSERT INTO `passenger` (`passenger_id`, `dni`, `name`, `age`, `country`) VALUES (520, '197811020', 'José', 66, 'México');
INSERT INTO `passenger` (`passenger_id`, `dni`, `name`, `age`, `country`) VALUES (521, '970423494', 'Daniela', 35, 'Perú');
INSERT INTO `passenger` (`passenger_id`, `dni`, `name`, `age`, `country`) VALUES (522, '740861454', 'Fabián', 78, 'Chile');
INSERT INTO `passenger` (`passenger_id`, `dni`, `name`, `age`, `country`) VALUES (523, '882567315', 'María', 77, 'Chile');
INSERT INTO `passenger` (`passenger_id`, `dni`, `name`, `age`, `country`) VALUES (524, '784621132', 'Natalia', 24, 'Perú');
INSERT INTO `passenger` (`passenger_id`, `dni`, `name`, `age`, `country`) VALUES (525, '832287782', 'Osvaldo', 67, 'México');
INSERT INTO `passenger` (`passenger_id`, `dni`, `name`, `age`, `country`) VALUES (526, '234367730', 'Consuelo', 60, 'Perú');
INSERT INTO `passenger` (`passenger_id`, `dni`, `name`, `age`, `country`) VALUES (527, '106748812', 'Andrea', 48, 'Perú');
INSERT INTO `passenger` (`passenger_id`, `dni`, `name`, `age`, `country`) VALUES (528, '75320827', 'Antonia', 53, 'Chile');
INSERT INTO `passenger` (`passenger_id`, `dni`, `name`, `age`, `country`) VALUES (529, '672885441', 'Francisco', 65, 'Chile');
INSERT INTO `passenger` (`passenger_id`, `dni`, `name`, `age`, `country`) VALUES (530, '929686389', 'Claudia', 32, 'Chile');
INSERT INTO `passenger` (`passenger_id`, `dni`, `name`, `age`, `country`) VALUES (531, '306370854', 'Elizabeth', 75, 'Perú');
INSERT INTO `passenger` (`passenger_id`, `dni`, `name`, `age`, `country`) VALUES (532, '825798160', 'Luisa', 76, 'México');
INSERT INTO `passenger` (`passenger_id`, `dni`, `name`, `age`, `country`) VALUES (533, '207964654', 'Eduardo', 70, 'Chile');
INSERT INTO `passenger` (`passenger_id`, `dni`, `name`, `age`, `country`) VALUES (534, '832365671', 'Guillermo', 66, 'Chile');
INSERT INTO `passenger` (`passenger_id`, `dni`, `name`, `age`, `country`) VALUES (535, '452030399', 'Valentina', 80, 'Perú');
INSERT INTO `passenger` (`passenger_id`, `dni`, `name`, `age`, `country`) VALUES (536, '310519860', 'Mauricio', 55, 'Perú');
INSERT INTO `passenger` (`passenger_id`, `dni`, `name`, `age`, `country`) VALUES (537, '479218961', 'Miriam', 65, 'México');
INSERT INTO `passenger` (`passenger_id`, `dni`, `name`, `age`, `country`) VALUES (538, '218086580', 'Ana', 32, 'México');
INSERT INTO `passenger` (`passenger_id`, `dni`, `name`, `age`, `country`) VALUES (539, '771916349', 'Yolanda', 26, 'Chile');
INSERT INTO `passenger` (`passenger_id`, `dni`, `name`, `age`, `country`) VALUES (540, '708286053', 'Margarita', 68, 'Perú');
INSERT INTO `passenger` (`passenger_id`, `dni`, `name`, `age`, `country`) VALUES (541, '84463946', 'Jorge', 57, 'Perú');
INSERT INTO `passenger` (`passenger_id`, `dni`, `name`, `age`, `country`) VALUES (542, '901720550', 'José', 23, 'México');
INSERT INTO `passenger` (`passenger_id`, `dni`, `name`, `age`, `country`) VALUES (543, '739723526', 'Roberto', 29, 'Perú');
INSERT INTO `passenger` (`passenger_id`, `dni`, `name`, `age`, `country`) VALUES (544, '176196753', 'Emilio', 89, 'Perú');
INSERT INTO `passenger` (`passenger_id`, `dni`, `name`, `age`, `country`) VALUES (545, '46798980', 'Gabriela', 57, 'México');
INSERT INTO `passenger` (`passenger_id`, `dni`, `name`, `age`, `country`) VALUES (546, '351174064', 'Tomás', 22, 'México');
INSERT INTO `passenger` (`passenger_id`, `dni`, `name`, `age`, `country`) VALUES (547, '263112202', 'Néstor', 59, 'México');
INSERT INTO `passenger` (`passenger_id`, `dni`, `name`, `age`, `country`) VALUES (548, '227191037', 'Alexis', 47, 'Chile');
INSERT INTO `passenger` (`passenger_id`, `dni`, `name`, `age`, `country`) VALUES (549, '877201869', 'Fernanda', 46, 'México');
INSERT INTO `passenger` (`passenger_id`, `dni`, `name`, `age`, `country`) VALUES (550, '233794299', 'Adriana', 77, 'Perú');
INSERT INTO `passenger` (`passenger_id`, `dni`, `name`, `age`, `country`) VALUES (551, '727646040', 'Antonia', 23, 'México');
INSERT INTO `passenger` (`passenger_id`, `dni`, `name`, `age`, `country`) VALUES (552, '910484510', 'Roberto', 56, 'México');
INSERT INTO `passenger` (`passenger_id`, `dni`, `name`, `age`, `country`) VALUES (553, '346134210', 'Margarita', 35, 'Perú');
INSERT INTO `passenger` (`passenger_id`, `dni`, `name`, `age`, `country`) VALUES (554, '426939561', 'Daniela', 33, 'México');
INSERT INTO `passenger` (`passenger_id`, `dni`, `name`, `age`, `country`) VALUES (555, '926089857', 'Lucila', 46, 'Chile');
INSERT INTO `passenger` (`passenger_id`, `dni`, `name`, `age`, `country`) VALUES (556, '127573298', 'Milagros', 78, 'Chile');
INSERT INTO `passenger` (`passenger_id`, `dni`, `name`, `age`, `country`) VALUES (557, '960437432', 'Samuel', 22, 'México');
INSERT INTO `passenger` (`passenger_id`, `dni`, `name`, `age`, `country`) VALUES (558, '746211005', 'Emiliano', 73, 'México');
INSERT INTO `passenger` (`passenger_id`, `dni`, `name`, `age`, `country`) VALUES (559, '487568517', 'Carolina', 41, 'Chile');
INSERT INTO `passenger` (`passenger_id`, `dni`, `name`, `age`, `country`) VALUES (560, '518845618', 'Diego', 29, 'Chile');
INSERT INTO `passenger` (`passenger_id`, `dni`, `name`, `age`, `country`) VALUES (561, '619643868', 'Joaquín', 34, 'Chile');
INSERT INTO `passenger` (`passenger_id`, `dni`, `name`, `age`, `country`) VALUES (562, '289780721', 'Delia', 79, 'Chile');
INSERT INTO `passenger` (`passenger_id`, `dni`, `name`, `age`, `country`) VALUES (563, '837147078', 'Emilio', 54, 'México');
INSERT INTO `passenger` (`passenger_id`, `dni`, `name`, `age`, `country`) VALUES (564, '869365182', 'Emilia', 36, 'Chile');
INSERT INTO `passenger` (`passenger_id`, `dni`, `name`, `age`, `country`) VALUES (565, '634521600', 'Camila', 56, 'México');
INSERT INTO `passenger` (`passenger_id`, `dni`, `name`, `age`, `country`) VALUES (566, '148194348', 'Lucero', 5, 'Chile');
INSERT INTO `passenger` (`passenger_id`, `dni`, `name`, `age`, `country`) VALUES (567, '72878715', 'Edith', 72, 'Chile');
INSERT INTO `passenger` (`passenger_id`, `dni`, `name`, `age`, `country`) VALUES (568, '130816077', 'Lorena', 70, 'Chile');
INSERT INTO `passenger` (`passenger_id`, `dni`, `name`, `age`, `country`) VALUES (569, '56051653', 'Susana', 31, 'Chile');
INSERT INTO `passenger` (`passenger_id`, `dni`, `name`, `age`, `country`) VALUES (570, '303785724', 'Valeria', 24, 'Chile');
COMMIT;

-- ----------------------------
-- Table structure for purchase
-- ----------------------------
DROP TABLE IF EXISTS `purchase`;
CREATE TABLE `purchase` (
  `purchase_id` int NOT NULL AUTO_INCREMENT COMMENT 'Identificador de la tabla',
  `purchase_date` int NOT NULL COMMENT 'Fecha de la compra',
  PRIMARY KEY (`purchase_id`)
) ENGINE=InnoDB AUTO_INCREMENT=205 DEFAULT CHARSET=utf8mb4 COLLATE=utf8mb4_general_ci;

-- ----------------------------
-- Records of purchase
-- ----------------------------
BEGIN;
INSERT INTO `purchase` (`purchase_id`, `purchase_date`) VALUES (1, 1672947635);
INSERT INTO `purchase` (`purchase_id`, `purchase_date`) VALUES (2, 1672969235);
INSERT INTO `purchase` (`purchase_id`, `purchase_date`) VALUES (3, 1672990835);
INSERT INTO `purchase` (`purchase_id`, `purchase_date`) VALUES (4, 1673012435);
INSERT INTO `purchase` (`purchase_id`, `purchase_date`) VALUES (5, 1673034035);
INSERT INTO `purchase` (`purchase_id`, `purchase_date`) VALUES (6, 1673055635);
INSERT INTO `purchase` (`purchase_id`, `purchase_date`) VALUES (7, 1673077235);
INSERT INTO `purchase` (`purchase_id`, `purchase_date`) VALUES (8, 1673098835);
INSERT INTO `purchase` (`purchase_id`, `purchase_date`) VALUES (9, 1673120435);
INSERT INTO `purchase` (`purchase_id`, `purchase_date`) VALUES (10, 1673142035);
INSERT INTO `purchase` (`purchase_id`, `purchase_date`) VALUES (11, 1673163635);
INSERT INTO `purchase` (`purchase_id`, `purchase_date`) VALUES (12, 1673185235);
INSERT INTO `purchase` (`purchase_id`, `purchase_date`) VALUES (13, 1673206835);
INSERT INTO `purchase` (`purchase_id`, `purchase_date`) VALUES (14, 1673228435);
INSERT INTO `purchase` (`purchase_id`, `purchase_date`) VALUES (15, 1673250035);
INSERT INTO `purchase` (`purchase_id`, `purchase_date`) VALUES (16, 1673271635);
INSERT INTO `purchase` (`purchase_id`, `purchase_date`) VALUES (17, 1673293235);
INSERT INTO `purchase` (`purchase_id`, `purchase_date`) VALUES (18, 1673314835);
INSERT INTO `purchase` (`purchase_id`, `purchase_date`) VALUES (19, 1673336435);
INSERT INTO `purchase` (`purchase_id`, `purchase_date`) VALUES (20, 1673358035);
INSERT INTO `purchase` (`purchase_id`, `purchase_date`) VALUES (21, 1673379635);
INSERT INTO `purchase` (`purchase_id`, `purchase_date`) VALUES (22, 1673401235);
INSERT INTO `purchase` (`purchase_id`, `purchase_date`) VALUES (23, 1673422835);
INSERT INTO `purchase` (`purchase_id`, `purchase_date`) VALUES (24, 1673444435);
INSERT INTO `purchase` (`purchase_id`, `purchase_date`) VALUES (25, 1673466035);
INSERT INTO `purchase` (`purchase_id`, `purchase_date`) VALUES (26, 1673487635);
INSERT INTO `purchase` (`purchase_id`, `purchase_date`) VALUES (27, 1673509235);
INSERT INTO `purchase` (`purchase_id`, `purchase_date`) VALUES (28, 1673530835);
INSERT INTO `purchase` (`purchase_id`, `purchase_date`) VALUES (29, 1673552435);
INSERT INTO `purchase` (`purchase_id`, `purchase_date`) VALUES (30, 1673574035);
INSERT INTO `purchase` (`purchase_id`, `purchase_date`) VALUES (31, 1673595635);
INSERT INTO `purchase` (`purchase_id`, `purchase_date`) VALUES (32, 1673617235);
INSERT INTO `purchase` (`purchase_id`, `purchase_date`) VALUES (33, 1673638835);
INSERT INTO `purchase` (`purchase_id`, `purchase_date`) VALUES (34, 1673660435);
INSERT INTO `purchase` (`purchase_id`, `purchase_date`) VALUES (35, 1673682035);
INSERT INTO `purchase` (`purchase_id`, `purchase_date`) VALUES (36, 1673703635);
INSERT INTO `purchase` (`purchase_id`, `purchase_date`) VALUES (37, 1673725235);
INSERT INTO `purchase` (`purchase_id`, `purchase_date`) VALUES (38, 1673746835);
INSERT INTO `purchase` (`purchase_id`, `purchase_date`) VALUES (39, 1673768435);
INSERT INTO `purchase` (`purchase_id`, `purchase_date`) VALUES (40, 1673790035);
INSERT INTO `purchase` (`purchase_id`, `purchase_date`) VALUES (41, 1673811635);
INSERT INTO `purchase` (`purchase_id`, `purchase_date`) VALUES (42, 1673833235);
INSERT INTO `purchase` (`purchase_id`, `purchase_date`) VALUES (43, 1673854835);
INSERT INTO `purchase` (`purchase_id`, `purchase_date`) VALUES (44, 1673876435);
INSERT INTO `purchase` (`purchase_id`, `purchase_date`) VALUES (45, 1673898035);
INSERT INTO `purchase` (`purchase_id`, `purchase_date`) VALUES (46, 1673919635);
INSERT INTO `purchase` (`purchase_id`, `purchase_date`) VALUES (47, 1673941235);
INSERT INTO `purchase` (`purchase_id`, `purchase_date`) VALUES (48, 1673962835);
INSERT INTO `purchase` (`purchase_id`, `purchase_date`) VALUES (49, 1673984435);
INSERT INTO `purchase` (`purchase_id`, `purchase_date`) VALUES (50, 1674006035);
INSERT INTO `purchase` (`purchase_id`, `purchase_date`) VALUES (51, 1674027635);
INSERT INTO `purchase` (`purchase_id`, `purchase_date`) VALUES (52, 1674049235);
INSERT INTO `purchase` (`purchase_id`, `purchase_date`) VALUES (53, 1674070835);
INSERT INTO `purchase` (`purchase_id`, `purchase_date`) VALUES (54, 1674092435);
INSERT INTO `purchase` (`purchase_id`, `purchase_date`) VALUES (55, 1674114035);
INSERT INTO `purchase` (`purchase_id`, `purchase_date`) VALUES (56, 1674135635);
INSERT INTO `purchase` (`purchase_id`, `purchase_date`) VALUES (57, 1674157235);
INSERT INTO `purchase` (`purchase_id`, `purchase_date`) VALUES (58, 1674178835);
INSERT INTO `purchase` (`purchase_id`, `purchase_date`) VALUES (59, 1674200435);
INSERT INTO `purchase` (`purchase_id`, `purchase_date`) VALUES (60, 1674222035);
INSERT INTO `purchase` (`purchase_id`, `purchase_date`) VALUES (61, 1674243635);
INSERT INTO `purchase` (`purchase_id`, `purchase_date`) VALUES (62, 1674265235);
INSERT INTO `purchase` (`purchase_id`, `purchase_date`) VALUES (63, 1674286835);
INSERT INTO `purchase` (`purchase_id`, `purchase_date`) VALUES (64, 1674308435);
INSERT INTO `purchase` (`purchase_id`, `purchase_date`) VALUES (65, 1674330035);
INSERT INTO `purchase` (`purchase_id`, `purchase_date`) VALUES (66, 1674351635);
INSERT INTO `purchase` (`purchase_id`, `purchase_date`) VALUES (67, 1674373235);
INSERT INTO `purchase` (`purchase_id`, `purchase_date`) VALUES (68, 1674394835);
INSERT INTO `purchase` (`purchase_id`, `purchase_date`) VALUES (69, 1674416435);
INSERT INTO `purchase` (`purchase_id`, `purchase_date`) VALUES (70, 1674438035);
INSERT INTO `purchase` (`purchase_id`, `purchase_date`) VALUES (71, 1674459635);
INSERT INTO `purchase` (`purchase_id`, `purchase_date`) VALUES (72, 1674481235);
INSERT INTO `purchase` (`purchase_id`, `purchase_date`) VALUES (73, 1674502835);
INSERT INTO `purchase` (`purchase_id`, `purchase_date`) VALUES (74, 1674524435);
INSERT INTO `purchase` (`purchase_id`, `purchase_date`) VALUES (75, 1674546035);
INSERT INTO `purchase` (`purchase_id`, `purchase_date`) VALUES (76, 1674567635);
INSERT INTO `purchase` (`purchase_id`, `purchase_date`) VALUES (77, 1674589235);
INSERT INTO `purchase` (`purchase_id`, `purchase_date`) VALUES (78, 1674610835);
INSERT INTO `purchase` (`purchase_id`, `purchase_date`) VALUES (79, 1674632435);
INSERT INTO `purchase` (`purchase_id`, `purchase_date`) VALUES (80, 1674654035);
INSERT INTO `purchase` (`purchase_id`, `purchase_date`) VALUES (81, 1674675635);
INSERT INTO `purchase` (`purchase_id`, `purchase_date`) VALUES (82, 1674697235);
INSERT INTO `purchase` (`purchase_id`, `purchase_date`) VALUES (83, 1674718835);
INSERT INTO `purchase` (`purchase_id`, `purchase_date`) VALUES (84, 1674740435);
INSERT INTO `purchase` (`purchase_id`, `purchase_date`) VALUES (85, 1674762035);
INSERT INTO `purchase` (`purchase_id`, `purchase_date`) VALUES (86, 1674783635);
INSERT INTO `purchase` (`purchase_id`, `purchase_date`) VALUES (87, 1674805235);
INSERT INTO `purchase` (`purchase_id`, `purchase_date`) VALUES (88, 1674826835);
INSERT INTO `purchase` (`purchase_id`, `purchase_date`) VALUES (89, 1674848435);
INSERT INTO `purchase` (`purchase_id`, `purchase_date`) VALUES (90, 1674870035);
INSERT INTO `purchase` (`purchase_id`, `purchase_date`) VALUES (91, 1674891635);
INSERT INTO `purchase` (`purchase_id`, `purchase_date`) VALUES (92, 1674913235);
INSERT INTO `purchase` (`purchase_id`, `purchase_date`) VALUES (93, 1674934835);
INSERT INTO `purchase` (`purchase_id`, `purchase_date`) VALUES (94, 1674956435);
INSERT INTO `purchase` (`purchase_id`, `purchase_date`) VALUES (95, 1674978035);
INSERT INTO `purchase` (`purchase_id`, `purchase_date`) VALUES (96, 1674999635);
INSERT INTO `purchase` (`purchase_id`, `purchase_date`) VALUES (97, 1675021235);
INSERT INTO `purchase` (`purchase_id`, `purchase_date`) VALUES (98, 1675042835);
INSERT INTO `purchase` (`purchase_id`, `purchase_date`) VALUES (99, 1675064435);
INSERT INTO `purchase` (`purchase_id`, `purchase_date`) VALUES (100, 1675086035);
INSERT INTO `purchase` (`purchase_id`, `purchase_date`) VALUES (101, 1675107635);
INSERT INTO `purchase` (`purchase_id`, `purchase_date`) VALUES (102, 1675129235);
INSERT INTO `purchase` (`purchase_id`, `purchase_date`) VALUES (103, 1675150835);
INSERT INTO `purchase` (`purchase_id`, `purchase_date`) VALUES (104, 1675172435);
INSERT INTO `purchase` (`purchase_id`, `purchase_date`) VALUES (105, 1675194035);
INSERT INTO `purchase` (`purchase_id`, `purchase_date`) VALUES (106, 1675215635);
INSERT INTO `purchase` (`purchase_id`, `purchase_date`) VALUES (107, 1675237235);
INSERT INTO `purchase` (`purchase_id`, `purchase_date`) VALUES (108, 1675258835);
INSERT INTO `purchase` (`purchase_id`, `purchase_date`) VALUES (109, 1675280435);
INSERT INTO `purchase` (`purchase_id`, `purchase_date`) VALUES (110, 1675302035);
INSERT INTO `purchase` (`purchase_id`, `purchase_date`) VALUES (111, 1675323635);
INSERT INTO `purchase` (`purchase_id`, `purchase_date`) VALUES (112, 1675345235);
INSERT INTO `purchase` (`purchase_id`, `purchase_date`) VALUES (113, 1675366835);
INSERT INTO `purchase` (`purchase_id`, `purchase_date`) VALUES (114, 1675388435);
INSERT INTO `purchase` (`purchase_id`, `purchase_date`) VALUES (115, 1675410035);
INSERT INTO `purchase` (`purchase_id`, `purchase_date`) VALUES (116, 1675431635);
INSERT INTO `purchase` (`purchase_id`, `purchase_date`) VALUES (117, 1675453235);
INSERT INTO `purchase` (`purchase_id`, `purchase_date`) VALUES (118, 1675474835);
INSERT INTO `purchase` (`purchase_id`, `purchase_date`) VALUES (119, 1675496435);
INSERT INTO `purchase` (`purchase_id`, `purchase_date`) VALUES (120, 1675518035);
INSERT INTO `purchase` (`purchase_id`, `purchase_date`) VALUES (121, 1675539635);
INSERT INTO `purchase` (`purchase_id`, `purchase_date`) VALUES (122, 1675561235);
INSERT INTO `purchase` (`purchase_id`, `purchase_date`) VALUES (123, 1675582835);
INSERT INTO `purchase` (`purchase_id`, `purchase_date`) VALUES (124, 1675604435);
INSERT INTO `purchase` (`purchase_id`, `purchase_date`) VALUES (125, 1675626035);
INSERT INTO `purchase` (`purchase_id`, `purchase_date`) VALUES (126, 1675647635);
INSERT INTO `purchase` (`purchase_id`, `purchase_date`) VALUES (127, 1675669235);
INSERT INTO `purchase` (`purchase_id`, `purchase_date`) VALUES (128, 1675690835);
INSERT INTO `purchase` (`purchase_id`, `purchase_date`) VALUES (129, 1675712435);
INSERT INTO `purchase` (`purchase_id`, `purchase_date`) VALUES (130, 1675734035);
INSERT INTO `purchase` (`purchase_id`, `purchase_date`) VALUES (131, 1675755635);
INSERT INTO `purchase` (`purchase_id`, `purchase_date`) VALUES (132, 1675777235);
INSERT INTO `purchase` (`purchase_id`, `purchase_date`) VALUES (133, 1675798835);
INSERT INTO `purchase` (`purchase_id`, `purchase_date`) VALUES (134, 1675820435);
INSERT INTO `purchase` (`purchase_id`, `purchase_date`) VALUES (135, 1675842035);
INSERT INTO `purchase` (`purchase_id`, `purchase_date`) VALUES (136, 1675863635);
INSERT INTO `purchase` (`purchase_id`, `purchase_date`) VALUES (137, 1675885235);
INSERT INTO `purchase` (`purchase_id`, `purchase_date`) VALUES (138, 1675906835);
INSERT INTO `purchase` (`purchase_id`, `purchase_date`) VALUES (139, 1675928435);
INSERT INTO `purchase` (`purchase_id`, `purchase_date`) VALUES (140, 1675950035);
INSERT INTO `purchase` (`purchase_id`, `purchase_date`) VALUES (141, 1675971635);
INSERT INTO `purchase` (`purchase_id`, `purchase_date`) VALUES (142, 1675993235);
INSERT INTO `purchase` (`purchase_id`, `purchase_date`) VALUES (143, 1676014835);
INSERT INTO `purchase` (`purchase_id`, `purchase_date`) VALUES (144, 1676036435);
INSERT INTO `purchase` (`purchase_id`, `purchase_date`) VALUES (145, 1676058035);
INSERT INTO `purchase` (`purchase_id`, `purchase_date`) VALUES (146, 1676079635);
INSERT INTO `purchase` (`purchase_id`, `purchase_date`) VALUES (147, 1676101235);
INSERT INTO `purchase` (`purchase_id`, `purchase_date`) VALUES (148, 1676122835);
INSERT INTO `purchase` (`purchase_id`, `purchase_date`) VALUES (149, 1676144435);
INSERT INTO `purchase` (`purchase_id`, `purchase_date`) VALUES (150, 1676166035);
INSERT INTO `purchase` (`purchase_id`, `purchase_date`) VALUES (151, 1676187635);
INSERT INTO `purchase` (`purchase_id`, `purchase_date`) VALUES (152, 1676209235);
INSERT INTO `purchase` (`purchase_id`, `purchase_date`) VALUES (153, 1676230835);
INSERT INTO `purchase` (`purchase_id`, `purchase_date`) VALUES (154, 1676252435);
INSERT INTO `purchase` (`purchase_id`, `purchase_date`) VALUES (155, 1676274035);
INSERT INTO `purchase` (`purchase_id`, `purchase_date`) VALUES (156, 1676295635);
INSERT INTO `purchase` (`purchase_id`, `purchase_date`) VALUES (157, 1676317235);
INSERT INTO `purchase` (`purchase_id`, `purchase_date`) VALUES (158, 1676338835);
INSERT INTO `purchase` (`purchase_id`, `purchase_date`) VALUES (159, 1676360435);
INSERT INTO `purchase` (`purchase_id`, `purchase_date`) VALUES (160, 1676382035);
INSERT INTO `purchase` (`purchase_id`, `purchase_date`) VALUES (161, 1676403635);
INSERT INTO `purchase` (`purchase_id`, `purchase_date`) VALUES (162, 1676425235);
INSERT INTO `purchase` (`purchase_id`, `purchase_date`) VALUES (163, 1676446835);
INSERT INTO `purchase` (`purchase_id`, `purchase_date`) VALUES (164, 1676468435);
INSERT INTO `purchase` (`purchase_id`, `purchase_date`) VALUES (165, 1676490035);
INSERT INTO `purchase` (`purchase_id`, `purchase_date`) VALUES (166, 1676511635);
INSERT INTO `purchase` (`purchase_id`, `purchase_date`) VALUES (167, 1676533235);
INSERT INTO `purchase` (`purchase_id`, `purchase_date`) VALUES (168, 1676554835);
INSERT INTO `purchase` (`purchase_id`, `purchase_date`) VALUES (169, 1676576435);
INSERT INTO `purchase` (`purchase_id`, `purchase_date`) VALUES (170, 1676598035);
INSERT INTO `purchase` (`purchase_id`, `purchase_date`) VALUES (171, 1676619635);
INSERT INTO `purchase` (`purchase_id`, `purchase_date`) VALUES (172, 1676641235);
INSERT INTO `purchase` (`purchase_id`, `purchase_date`) VALUES (173, 1676662835);
INSERT INTO `purchase` (`purchase_id`, `purchase_date`) VALUES (174, 1676684435);
INSERT INTO `purchase` (`purchase_id`, `purchase_date`) VALUES (175, 1676706035);
INSERT INTO `purchase` (`purchase_id`, `purchase_date`) VALUES (176, 1676727635);
INSERT INTO `purchase` (`purchase_id`, `purchase_date`) VALUES (177, 1676749235);
INSERT INTO `purchase` (`purchase_id`, `purchase_date`) VALUES (178, 1676770835);
INSERT INTO `purchase` (`purchase_id`, `purchase_date`) VALUES (179, 1676792435);
INSERT INTO `purchase` (`purchase_id`, `purchase_date`) VALUES (180, 1676814035);
INSERT INTO `purchase` (`purchase_id`, `purchase_date`) VALUES (181, 1676835635);
INSERT INTO `purchase` (`purchase_id`, `purchase_date`) VALUES (182, 1676857235);
INSERT INTO `purchase` (`purchase_id`, `purchase_date`) VALUES (183, 1676878835);
INSERT INTO `purchase` (`purchase_id`, `purchase_date`) VALUES (184, 1676900435);
INSERT INTO `purchase` (`purchase_id`, `purchase_date`) VALUES (185, 1676922035);
INSERT INTO `purchase` (`purchase_id`, `purchase_date`) VALUES (186, 1676943635);
INSERT INTO `purchase` (`purchase_id`, `purchase_date`) VALUES (187, 1676965235);
INSERT INTO `purchase` (`purchase_id`, `purchase_date`) VALUES (188, 1676986835);
INSERT INTO `purchase` (`purchase_id`, `purchase_date`) VALUES (189, 1677008435);
INSERT INTO `purchase` (`purchase_id`, `purchase_date`) VALUES (190, 1677030035);
INSERT INTO `purchase` (`purchase_id`, `purchase_date`) VALUES (191, 1677051635);
INSERT INTO `purchase` (`purchase_id`, `purchase_date`) VALUES (192, 1677073235);
INSERT INTO `purchase` (`purchase_id`, `purchase_date`) VALUES (193, 1677094835);
INSERT INTO `purchase` (`purchase_id`, `purchase_date`) VALUES (194, 1677116435);
INSERT INTO `purchase` (`purchase_id`, `purchase_date`) VALUES (195, 1677138035);
INSERT INTO `purchase` (`purchase_id`, `purchase_date`) VALUES (196, 1677159635);
INSERT INTO `purchase` (`purchase_id`, `purchase_date`) VALUES (197, 1677181235);
INSERT INTO `purchase` (`purchase_id`, `purchase_date`) VALUES (198, 1677202835);
INSERT INTO `purchase` (`purchase_id`, `purchase_date`) VALUES (199, 1677224435);
INSERT INTO `purchase` (`purchase_id`, `purchase_date`) VALUES (200, 1677246035);
INSERT INTO `purchase` (`purchase_id`, `purchase_date`) VALUES (201, 1677267635);
INSERT INTO `purchase` (`purchase_id`, `purchase_date`) VALUES (202, 1677289235);
INSERT INTO `purchase` (`purchase_id`, `purchase_date`) VALUES (203, 1677310835);
INSERT INTO `purchase` (`purchase_id`, `purchase_date`) VALUES (204, 1677332435);
COMMIT;

-- ----------------------------
-- Table structure for seat
-- ----------------------------
DROP TABLE IF EXISTS `seat`;
CREATE TABLE `seat` (
  `seat_id` int NOT NULL AUTO_INCREMENT COMMENT 'Identificador de la tabla',
  `seat_column` varchar(2) CHARACTER SET utf8mb4 COLLATE utf8mb4_general_ci NOT NULL COMMENT 'Columna del asiento',
  `seat_row` int NOT NULL COMMENT 'Fila del asiento',
  `seat_type_id` int NOT NULL COMMENT 'Id del tipo de asiento {FK}',
  `airplane_id` int NOT NULL COMMENT 'Id del avión al que pertenece el asiento',
  PRIMARY KEY (`seat_id`),
  KEY `airplane_id_se` (`airplane_id`),
  KEY `seat_type_id_se` (`seat_type_id`),
  CONSTRAINT `airplane_id_se` FOREIGN KEY (`airplane_id`) REFERENCES `airplane` (`airplane_id`) ON DELETE CASCADE ON UPDATE RESTRICT,
  CONSTRAINT `seat_type_id_se` FOREIGN KEY (`seat_type_id`) REFERENCES `seat_type` (`seat_type_id`) ON DELETE CASCADE ON UPDATE RESTRICT
) ENGINE=InnoDB AUTO_INCREMENT=316 DEFAULT CHARSET=utf8mb4 COLLATE=utf8mb4_general_ci;

-- ----------------------------
-- Records of seat
-- ----------------------------
BEGIN;
INSERT INTO `seat` (`seat_id`, `seat_column`, `seat_row`, `seat_type_id`, `airplane_id`) VALUES (1, 'A', 1, 1, 1);
INSERT INTO `seat` (`seat_id`, `seat_column`, `seat_row`, `seat_type_id`, `airplane_id`) VALUES (2, 'A', 2, 1, 1);
INSERT INTO `seat` (`seat_id`, `seat_column`, `seat_row`, `seat_type_id`, `airplane_id`) VALUES (3, 'A', 3, 1, 1);
INSERT INTO `seat` (`seat_id`, `seat_column`, `seat_row`, `seat_type_id`, `airplane_id`) VALUES (4, 'A', 4, 1, 1);
INSERT INTO `seat` (`seat_id`, `seat_column`, `seat_row`, `seat_type_id`, `airplane_id`) VALUES (5, 'A', 8, 2, 1);
INSERT INTO `seat` (`seat_id`, `seat_column`, `seat_row`, `seat_type_id`, `airplane_id`) VALUES (6, 'A', 9, 2, 1);
INSERT INTO `seat` (`seat_id`, `seat_column`, `seat_row`, `seat_type_id`, `airplane_id`) VALUES (7, 'A', 10, 2, 1);
INSERT INTO `seat` (`seat_id`, `seat_column`, `seat_row`, `seat_type_id`, `airplane_id`) VALUES (8, 'A', 11, 2, 1);
INSERT INTO `seat` (`seat_id`, `seat_column`, `seat_row`, `seat_type_id`, `airplane_id`) VALUES (9, 'A', 12, 2, 1);
INSERT INTO `seat` (`seat_id`, `seat_column`, `seat_row`, `seat_type_id`, `airplane_id`) VALUES (10, 'A', 13, 2, 1);
INSERT INTO `seat` (`seat_id`, `seat_column`, `seat_row`, `seat_type_id`, `airplane_id`) VALUES (11, 'A', 14, 2, 1);
INSERT INTO `seat` (`seat_id`, `seat_column`, `seat_row`, `seat_type_id`, `airplane_id`) VALUES (12, 'A', 15, 2, 1);
INSERT INTO `seat` (`seat_id`, `seat_column`, `seat_row`, `seat_type_id`, `airplane_id`) VALUES (13, 'A', 19, 3, 1);
INSERT INTO `seat` (`seat_id`, `seat_column`, `seat_row`, `seat_type_id`, `airplane_id`) VALUES (14, 'A', 20, 3, 1);
INSERT INTO `seat` (`seat_id`, `seat_column`, `seat_row`, `seat_type_id`, `airplane_id`) VALUES (15, 'A', 21, 3, 1);
INSERT INTO `seat` (`seat_id`, `seat_column`, `seat_row`, `seat_type_id`, `airplane_id`) VALUES (16, 'A', 22, 3, 1);
INSERT INTO `seat` (`seat_id`, `seat_column`, `seat_row`, `seat_type_id`, `airplane_id`) VALUES (17, 'A', 23, 3, 1);
INSERT INTO `seat` (`seat_id`, `seat_column`, `seat_row`, `seat_type_id`, `airplane_id`) VALUES (18, 'A', 24, 3, 1);
INSERT INTO `seat` (`seat_id`, `seat_column`, `seat_row`, `seat_type_id`, `airplane_id`) VALUES (19, 'A', 25, 3, 1);
INSERT INTO `seat` (`seat_id`, `seat_column`, `seat_row`, `seat_type_id`, `airplane_id`) VALUES (20, 'A', 26, 3, 1);
INSERT INTO `seat` (`seat_id`, `seat_column`, `seat_row`, `seat_type_id`, `airplane_id`) VALUES (21, 'A', 27, 3, 1);
INSERT INTO `seat` (`seat_id`, `seat_column`, `seat_row`, `seat_type_id`, `airplane_id`) VALUES (22, 'A', 28, 3, 1);
INSERT INTO `seat` (`seat_id`, `seat_column`, `seat_row`, `seat_type_id`, `airplane_id`) VALUES (23, 'A', 29, 3, 1);
INSERT INTO `seat` (`seat_id`, `seat_column`, `seat_row`, `seat_type_id`, `airplane_id`) VALUES (24, 'A', 30, 3, 1);
INSERT INTO `seat` (`seat_id`, `seat_column`, `seat_row`, `seat_type_id`, `airplane_id`) VALUES (25, 'A', 31, 3, 1);
INSERT INTO `seat` (`seat_id`, `seat_column`, `seat_row`, `seat_type_id`, `airplane_id`) VALUES (26, 'A', 32, 3, 1);
INSERT INTO `seat` (`seat_id`, `seat_column`, `seat_row`, `seat_type_id`, `airplane_id`) VALUES (27, 'A', 33, 3, 1);
INSERT INTO `seat` (`seat_id`, `seat_column`, `seat_row`, `seat_type_id`, `airplane_id`) VALUES (28, 'A', 34, 3, 1);
INSERT INTO `seat` (`seat_id`, `seat_column`, `seat_row`, `seat_type_id`, `airplane_id`) VALUES (29, 'B', 1, 1, 1);
INSERT INTO `seat` (`seat_id`, `seat_column`, `seat_row`, `seat_type_id`, `airplane_id`) VALUES (30, 'B', 2, 1, 1);
INSERT INTO `seat` (`seat_id`, `seat_column`, `seat_row`, `seat_type_id`, `airplane_id`) VALUES (31, 'B', 3, 1, 1);
INSERT INTO `seat` (`seat_id`, `seat_column`, `seat_row`, `seat_type_id`, `airplane_id`) VALUES (32, 'B', 4, 1, 1);
INSERT INTO `seat` (`seat_id`, `seat_column`, `seat_row`, `seat_type_id`, `airplane_id`) VALUES (33, 'B', 8, 2, 1);
INSERT INTO `seat` (`seat_id`, `seat_column`, `seat_row`, `seat_type_id`, `airplane_id`) VALUES (34, 'B', 9, 2, 1);
INSERT INTO `seat` (`seat_id`, `seat_column`, `seat_row`, `seat_type_id`, `airplane_id`) VALUES (35, 'B', 10, 2, 1);
INSERT INTO `seat` (`seat_id`, `seat_column`, `seat_row`, `seat_type_id`, `airplane_id`) VALUES (36, 'B', 11, 2, 1);
INSERT INTO `seat` (`seat_id`, `seat_column`, `seat_row`, `seat_type_id`, `airplane_id`) VALUES (37, 'B', 12, 2, 1);
INSERT INTO `seat` (`seat_id`, `seat_column`, `seat_row`, `seat_type_id`, `airplane_id`) VALUES (38, 'B', 13, 2, 1);
INSERT INTO `seat` (`seat_id`, `seat_column`, `seat_row`, `seat_type_id`, `airplane_id`) VALUES (39, 'B', 14, 2, 1);
INSERT INTO `seat` (`seat_id`, `seat_column`, `seat_row`, `seat_type_id`, `airplane_id`) VALUES (40, 'B', 15, 2, 1);
INSERT INTO `seat` (`seat_id`, `seat_column`, `seat_row`, `seat_type_id`, `airplane_id`) VALUES (41, 'B', 19, 3, 1);
INSERT INTO `seat` (`seat_id`, `seat_column`, `seat_row`, `seat_type_id`, `airplane_id`) VALUES (42, 'B', 20, 3, 1);
INSERT INTO `seat` (`seat_id`, `seat_column`, `seat_row`, `seat_type_id`, `airplane_id`) VALUES (43, 'B', 21, 3, 1);
INSERT INTO `seat` (`seat_id`, `seat_column`, `seat_row`, `seat_type_id`, `airplane_id`) VALUES (44, 'B', 22, 3, 1);
INSERT INTO `seat` (`seat_id`, `seat_column`, `seat_row`, `seat_type_id`, `airplane_id`) VALUES (45, 'B', 23, 3, 1);
INSERT INTO `seat` (`seat_id`, `seat_column`, `seat_row`, `seat_type_id`, `airplane_id`) VALUES (46, 'B', 24, 3, 1);
INSERT INTO `seat` (`seat_id`, `seat_column`, `seat_row`, `seat_type_id`, `airplane_id`) VALUES (47, 'B', 25, 3, 1);
INSERT INTO `seat` (`seat_id`, `seat_column`, `seat_row`, `seat_type_id`, `airplane_id`) VALUES (48, 'B', 26, 3, 1);
INSERT INTO `seat` (`seat_id`, `seat_column`, `seat_row`, `seat_type_id`, `airplane_id`) VALUES (49, 'B', 27, 3, 1);
INSERT INTO `seat` (`seat_id`, `seat_column`, `seat_row`, `seat_type_id`, `airplane_id`) VALUES (50, 'B', 28, 3, 1);
INSERT INTO `seat` (`seat_id`, `seat_column`, `seat_row`, `seat_type_id`, `airplane_id`) VALUES (51, 'B', 29, 3, 1);
INSERT INTO `seat` (`seat_id`, `seat_column`, `seat_row`, `seat_type_id`, `airplane_id`) VALUES (52, 'B', 30, 3, 1);
INSERT INTO `seat` (`seat_id`, `seat_column`, `seat_row`, `seat_type_id`, `airplane_id`) VALUES (53, 'B', 31, 3, 1);
INSERT INTO `seat` (`seat_id`, `seat_column`, `seat_row`, `seat_type_id`, `airplane_id`) VALUES (54, 'B', 32, 3, 1);
INSERT INTO `seat` (`seat_id`, `seat_column`, `seat_row`, `seat_type_id`, `airplane_id`) VALUES (55, 'B', 33, 3, 1);
INSERT INTO `seat` (`seat_id`, `seat_column`, `seat_row`, `seat_type_id`, `airplane_id`) VALUES (56, 'B', 34, 3, 1);
INSERT INTO `seat` (`seat_id`, `seat_column`, `seat_row`, `seat_type_id`, `airplane_id`) VALUES (57, 'C', 8, 2, 1);
INSERT INTO `seat` (`seat_id`, `seat_column`, `seat_row`, `seat_type_id`, `airplane_id`) VALUES (58, 'C', 9, 2, 1);
INSERT INTO `seat` (`seat_id`, `seat_column`, `seat_row`, `seat_type_id`, `airplane_id`) VALUES (59, 'C', 10, 2, 1);
INSERT INTO `seat` (`seat_id`, `seat_column`, `seat_row`, `seat_type_id`, `airplane_id`) VALUES (60, 'C', 11, 2, 1);
INSERT INTO `seat` (`seat_id`, `seat_column`, `seat_row`, `seat_type_id`, `airplane_id`) VALUES (61, 'C', 12, 2, 1);
INSERT INTO `seat` (`seat_id`, `seat_column`, `seat_row`, `seat_type_id`, `airplane_id`) VALUES (62, 'C', 13, 2, 1);
INSERT INTO `seat` (`seat_id`, `seat_column`, `seat_row`, `seat_type_id`, `airplane_id`) VALUES (63, 'C', 14, 2, 1);
INSERT INTO `seat` (`seat_id`, `seat_column`, `seat_row`, `seat_type_id`, `airplane_id`) VALUES (64, 'C', 15, 2, 1);
INSERT INTO `seat` (`seat_id`, `seat_column`, `seat_row`, `seat_type_id`, `airplane_id`) VALUES (65, 'C', 19, 3, 1);
INSERT INTO `seat` (`seat_id`, `seat_column`, `seat_row`, `seat_type_id`, `airplane_id`) VALUES (66, 'C', 20, 3, 1);
INSERT INTO `seat` (`seat_id`, `seat_column`, `seat_row`, `seat_type_id`, `airplane_id`) VALUES (67, 'C', 21, 3, 1);
INSERT INTO `seat` (`seat_id`, `seat_column`, `seat_row`, `seat_type_id`, `airplane_id`) VALUES (68, 'C', 22, 3, 1);
INSERT INTO `seat` (`seat_id`, `seat_column`, `seat_row`, `seat_type_id`, `airplane_id`) VALUES (69, 'C', 23, 3, 1);
INSERT INTO `seat` (`seat_id`, `seat_column`, `seat_row`, `seat_type_id`, `airplane_id`) VALUES (70, 'C', 24, 3, 1);
INSERT INTO `seat` (`seat_id`, `seat_column`, `seat_row`, `seat_type_id`, `airplane_id`) VALUES (71, 'C', 25, 3, 1);
INSERT INTO `seat` (`seat_id`, `seat_column`, `seat_row`, `seat_type_id`, `airplane_id`) VALUES (72, 'C', 26, 3, 1);
INSERT INTO `seat` (`seat_id`, `seat_column`, `seat_row`, `seat_type_id`, `airplane_id`) VALUES (73, 'C', 27, 3, 1);
INSERT INTO `seat` (`seat_id`, `seat_column`, `seat_row`, `seat_type_id`, `airplane_id`) VALUES (74, 'C', 28, 3, 1);
INSERT INTO `seat` (`seat_id`, `seat_column`, `seat_row`, `seat_type_id`, `airplane_id`) VALUES (75, 'C', 29, 3, 1);
INSERT INTO `seat` (`seat_id`, `seat_column`, `seat_row`, `seat_type_id`, `airplane_id`) VALUES (76, 'C', 30, 3, 1);
INSERT INTO `seat` (`seat_id`, `seat_column`, `seat_row`, `seat_type_id`, `airplane_id`) VALUES (77, 'C', 31, 3, 1);
INSERT INTO `seat` (`seat_id`, `seat_column`, `seat_row`, `seat_type_id`, `airplane_id`) VALUES (78, 'C', 32, 3, 1);
INSERT INTO `seat` (`seat_id`, `seat_column`, `seat_row`, `seat_type_id`, `airplane_id`) VALUES (79, 'C', 33, 3, 1);
INSERT INTO `seat` (`seat_id`, `seat_column`, `seat_row`, `seat_type_id`, `airplane_id`) VALUES (80, 'C', 34, 3, 1);
INSERT INTO `seat` (`seat_id`, `seat_column`, `seat_row`, `seat_type_id`, `airplane_id`) VALUES (81, 'E', 8, 2, 1);
INSERT INTO `seat` (`seat_id`, `seat_column`, `seat_row`, `seat_type_id`, `airplane_id`) VALUES (82, 'E', 9, 2, 1);
INSERT INTO `seat` (`seat_id`, `seat_column`, `seat_row`, `seat_type_id`, `airplane_id`) VALUES (83, 'E', 10, 2, 1);
INSERT INTO `seat` (`seat_id`, `seat_column`, `seat_row`, `seat_type_id`, `airplane_id`) VALUES (84, 'E', 11, 2, 1);
INSERT INTO `seat` (`seat_id`, `seat_column`, `seat_row`, `seat_type_id`, `airplane_id`) VALUES (85, 'E', 12, 2, 1);
INSERT INTO `seat` (`seat_id`, `seat_column`, `seat_row`, `seat_type_id`, `airplane_id`) VALUES (86, 'E', 13, 2, 1);
INSERT INTO `seat` (`seat_id`, `seat_column`, `seat_row`, `seat_type_id`, `airplane_id`) VALUES (87, 'E', 14, 2, 1);
INSERT INTO `seat` (`seat_id`, `seat_column`, `seat_row`, `seat_type_id`, `airplane_id`) VALUES (88, 'E', 15, 2, 1);
INSERT INTO `seat` (`seat_id`, `seat_column`, `seat_row`, `seat_type_id`, `airplane_id`) VALUES (89, 'E', 19, 3, 1);
INSERT INTO `seat` (`seat_id`, `seat_column`, `seat_row`, `seat_type_id`, `airplane_id`) VALUES (90, 'E', 20, 3, 1);
INSERT INTO `seat` (`seat_id`, `seat_column`, `seat_row`, `seat_type_id`, `airplane_id`) VALUES (91, 'E', 21, 3, 1);
INSERT INTO `seat` (`seat_id`, `seat_column`, `seat_row`, `seat_type_id`, `airplane_id`) VALUES (92, 'E', 22, 3, 1);
INSERT INTO `seat` (`seat_id`, `seat_column`, `seat_row`, `seat_type_id`, `airplane_id`) VALUES (93, 'E', 23, 3, 1);
INSERT INTO `seat` (`seat_id`, `seat_column`, `seat_row`, `seat_type_id`, `airplane_id`) VALUES (94, 'E', 24, 3, 1);
INSERT INTO `seat` (`seat_id`, `seat_column`, `seat_row`, `seat_type_id`, `airplane_id`) VALUES (95, 'E', 25, 3, 1);
INSERT INTO `seat` (`seat_id`, `seat_column`, `seat_row`, `seat_type_id`, `airplane_id`) VALUES (96, 'E', 26, 3, 1);
INSERT INTO `seat` (`seat_id`, `seat_column`, `seat_row`, `seat_type_id`, `airplane_id`) VALUES (97, 'E', 27, 3, 1);
INSERT INTO `seat` (`seat_id`, `seat_column`, `seat_row`, `seat_type_id`, `airplane_id`) VALUES (98, 'E', 28, 3, 1);
INSERT INTO `seat` (`seat_id`, `seat_column`, `seat_row`, `seat_type_id`, `airplane_id`) VALUES (99, 'E', 29, 3, 1);
INSERT INTO `seat` (`seat_id`, `seat_column`, `seat_row`, `seat_type_id`, `airplane_id`) VALUES (100, 'E', 30, 3, 1);
INSERT INTO `seat` (`seat_id`, `seat_column`, `seat_row`, `seat_type_id`, `airplane_id`) VALUES (101, 'E', 31, 3, 1);
INSERT INTO `seat` (`seat_id`, `seat_column`, `seat_row`, `seat_type_id`, `airplane_id`) VALUES (102, 'E', 32, 3, 1);
INSERT INTO `seat` (`seat_id`, `seat_column`, `seat_row`, `seat_type_id`, `airplane_id`) VALUES (103, 'E', 33, 3, 1);
INSERT INTO `seat` (`seat_id`, `seat_column`, `seat_row`, `seat_type_id`, `airplane_id`) VALUES (104, 'E', 34, 3, 1);
INSERT INTO `seat` (`seat_id`, `seat_column`, `seat_row`, `seat_type_id`, `airplane_id`) VALUES (105, 'F', 1, 1, 1);
INSERT INTO `seat` (`seat_id`, `seat_column`, `seat_row`, `seat_type_id`, `airplane_id`) VALUES (106, 'F', 2, 1, 1);
INSERT INTO `seat` (`seat_id`, `seat_column`, `seat_row`, `seat_type_id`, `airplane_id`) VALUES (107, 'F', 3, 1, 1);
INSERT INTO `seat` (`seat_id`, `seat_column`, `seat_row`, `seat_type_id`, `airplane_id`) VALUES (108, 'F', 4, 1, 1);
INSERT INTO `seat` (`seat_id`, `seat_column`, `seat_row`, `seat_type_id`, `airplane_id`) VALUES (109, 'F', 8, 2, 1);
INSERT INTO `seat` (`seat_id`, `seat_column`, `seat_row`, `seat_type_id`, `airplane_id`) VALUES (110, 'F', 9, 2, 1);
INSERT INTO `seat` (`seat_id`, `seat_column`, `seat_row`, `seat_type_id`, `airplane_id`) VALUES (111, 'F', 10, 2, 1);
INSERT INTO `seat` (`seat_id`, `seat_column`, `seat_row`, `seat_type_id`, `airplane_id`) VALUES (112, 'F', 11, 2, 1);
INSERT INTO `seat` (`seat_id`, `seat_column`, `seat_row`, `seat_type_id`, `airplane_id`) VALUES (113, 'F', 12, 2, 1);
INSERT INTO `seat` (`seat_id`, `seat_column`, `seat_row`, `seat_type_id`, `airplane_id`) VALUES (114, 'F', 13, 2, 1);
INSERT INTO `seat` (`seat_id`, `seat_column`, `seat_row`, `seat_type_id`, `airplane_id`) VALUES (115, 'F', 14, 2, 1);
INSERT INTO `seat` (`seat_id`, `seat_column`, `seat_row`, `seat_type_id`, `airplane_id`) VALUES (116, 'F', 15, 2, 1);
INSERT INTO `seat` (`seat_id`, `seat_column`, `seat_row`, `seat_type_id`, `airplane_id`) VALUES (117, 'F', 19, 3, 1);
INSERT INTO `seat` (`seat_id`, `seat_column`, `seat_row`, `seat_type_id`, `airplane_id`) VALUES (118, 'F', 20, 3, 1);
INSERT INTO `seat` (`seat_id`, `seat_column`, `seat_row`, `seat_type_id`, `airplane_id`) VALUES (119, 'F', 21, 3, 1);
INSERT INTO `seat` (`seat_id`, `seat_column`, `seat_row`, `seat_type_id`, `airplane_id`) VALUES (120, 'F', 22, 3, 1);
INSERT INTO `seat` (`seat_id`, `seat_column`, `seat_row`, `seat_type_id`, `airplane_id`) VALUES (121, 'F', 23, 3, 1);
INSERT INTO `seat` (`seat_id`, `seat_column`, `seat_row`, `seat_type_id`, `airplane_id`) VALUES (122, 'F', 24, 3, 1);
INSERT INTO `seat` (`seat_id`, `seat_column`, `seat_row`, `seat_type_id`, `airplane_id`) VALUES (123, 'F', 25, 3, 1);
INSERT INTO `seat` (`seat_id`, `seat_column`, `seat_row`, `seat_type_id`, `airplane_id`) VALUES (124, 'F', 26, 3, 1);
INSERT INTO `seat` (`seat_id`, `seat_column`, `seat_row`, `seat_type_id`, `airplane_id`) VALUES (125, 'F', 27, 3, 1);
INSERT INTO `seat` (`seat_id`, `seat_column`, `seat_row`, `seat_type_id`, `airplane_id`) VALUES (126, 'F', 28, 3, 1);
INSERT INTO `seat` (`seat_id`, `seat_column`, `seat_row`, `seat_type_id`, `airplane_id`) VALUES (127, 'F', 29, 3, 1);
INSERT INTO `seat` (`seat_id`, `seat_column`, `seat_row`, `seat_type_id`, `airplane_id`) VALUES (128, 'F', 30, 3, 1);
INSERT INTO `seat` (`seat_id`, `seat_column`, `seat_row`, `seat_type_id`, `airplane_id`) VALUES (129, 'F', 31, 3, 1);
INSERT INTO `seat` (`seat_id`, `seat_column`, `seat_row`, `seat_type_id`, `airplane_id`) VALUES (130, 'F', 32, 3, 1);
INSERT INTO `seat` (`seat_id`, `seat_column`, `seat_row`, `seat_type_id`, `airplane_id`) VALUES (131, 'F', 33, 3, 1);
INSERT INTO `seat` (`seat_id`, `seat_column`, `seat_row`, `seat_type_id`, `airplane_id`) VALUES (132, 'F', 34, 3, 1);
INSERT INTO `seat` (`seat_id`, `seat_column`, `seat_row`, `seat_type_id`, `airplane_id`) VALUES (133, 'G', 1, 1, 1);
INSERT INTO `seat` (`seat_id`, `seat_column`, `seat_row`, `seat_type_id`, `airplane_id`) VALUES (134, 'G', 2, 1, 1);
INSERT INTO `seat` (`seat_id`, `seat_column`, `seat_row`, `seat_type_id`, `airplane_id`) VALUES (135, 'G', 3, 1, 1);
INSERT INTO `seat` (`seat_id`, `seat_column`, `seat_row`, `seat_type_id`, `airplane_id`) VALUES (136, 'G', 4, 1, 1);
INSERT INTO `seat` (`seat_id`, `seat_column`, `seat_row`, `seat_type_id`, `airplane_id`) VALUES (137, 'G', 8, 2, 1);
INSERT INTO `seat` (`seat_id`, `seat_column`, `seat_row`, `seat_type_id`, `airplane_id`) VALUES (138, 'G', 9, 2, 1);
INSERT INTO `seat` (`seat_id`, `seat_column`, `seat_row`, `seat_type_id`, `airplane_id`) VALUES (139, 'G', 10, 2, 1);
INSERT INTO `seat` (`seat_id`, `seat_column`, `seat_row`, `seat_type_id`, `airplane_id`) VALUES (140, 'G', 11, 2, 1);
INSERT INTO `seat` (`seat_id`, `seat_column`, `seat_row`, `seat_type_id`, `airplane_id`) VALUES (141, 'G', 12, 2, 1);
INSERT INTO `seat` (`seat_id`, `seat_column`, `seat_row`, `seat_type_id`, `airplane_id`) VALUES (142, 'G', 13, 2, 1);
INSERT INTO `seat` (`seat_id`, `seat_column`, `seat_row`, `seat_type_id`, `airplane_id`) VALUES (143, 'G', 14, 2, 1);
INSERT INTO `seat` (`seat_id`, `seat_column`, `seat_row`, `seat_type_id`, `airplane_id`) VALUES (144, 'G', 15, 2, 1);
INSERT INTO `seat` (`seat_id`, `seat_column`, `seat_row`, `seat_type_id`, `airplane_id`) VALUES (145, 'G', 19, 3, 1);
INSERT INTO `seat` (`seat_id`, `seat_column`, `seat_row`, `seat_type_id`, `airplane_id`) VALUES (146, 'G', 20, 3, 1);
INSERT INTO `seat` (`seat_id`, `seat_column`, `seat_row`, `seat_type_id`, `airplane_id`) VALUES (147, 'G', 21, 3, 1);
INSERT INTO `seat` (`seat_id`, `seat_column`, `seat_row`, `seat_type_id`, `airplane_id`) VALUES (148, 'G', 22, 3, 1);
INSERT INTO `seat` (`seat_id`, `seat_column`, `seat_row`, `seat_type_id`, `airplane_id`) VALUES (149, 'G', 23, 3, 1);
INSERT INTO `seat` (`seat_id`, `seat_column`, `seat_row`, `seat_type_id`, `airplane_id`) VALUES (150, 'G', 24, 3, 1);
INSERT INTO `seat` (`seat_id`, `seat_column`, `seat_row`, `seat_type_id`, `airplane_id`) VALUES (151, 'G', 25, 3, 1);
INSERT INTO `seat` (`seat_id`, `seat_column`, `seat_row`, `seat_type_id`, `airplane_id`) VALUES (152, 'G', 26, 3, 1);
INSERT INTO `seat` (`seat_id`, `seat_column`, `seat_row`, `seat_type_id`, `airplane_id`) VALUES (153, 'G', 27, 3, 1);
INSERT INTO `seat` (`seat_id`, `seat_column`, `seat_row`, `seat_type_id`, `airplane_id`) VALUES (154, 'G', 28, 3, 1);
INSERT INTO `seat` (`seat_id`, `seat_column`, `seat_row`, `seat_type_id`, `airplane_id`) VALUES (155, 'G', 29, 3, 1);
INSERT INTO `seat` (`seat_id`, `seat_column`, `seat_row`, `seat_type_id`, `airplane_id`) VALUES (156, 'G', 30, 3, 1);
INSERT INTO `seat` (`seat_id`, `seat_column`, `seat_row`, `seat_type_id`, `airplane_id`) VALUES (157, 'G', 31, 3, 1);
INSERT INTO `seat` (`seat_id`, `seat_column`, `seat_row`, `seat_type_id`, `airplane_id`) VALUES (158, 'G', 32, 3, 1);
INSERT INTO `seat` (`seat_id`, `seat_column`, `seat_row`, `seat_type_id`, `airplane_id`) VALUES (159, 'G', 33, 3, 1);
INSERT INTO `seat` (`seat_id`, `seat_column`, `seat_row`, `seat_type_id`, `airplane_id`) VALUES (160, 'G', 34, 3, 1);
INSERT INTO `seat` (`seat_id`, `seat_column`, `seat_row`, `seat_type_id`, `airplane_id`) VALUES (161, 'A', 1, 1, 2);
INSERT INTO `seat` (`seat_id`, `seat_column`, `seat_row`, `seat_type_id`, `airplane_id`) VALUES (162, 'A', 2, 1, 2);
INSERT INTO `seat` (`seat_id`, `seat_column`, `seat_row`, `seat_type_id`, `airplane_id`) VALUES (163, 'A', 3, 1, 2);
INSERT INTO `seat` (`seat_id`, `seat_column`, `seat_row`, `seat_type_id`, `airplane_id`) VALUES (164, 'A', 4, 1, 2);
INSERT INTO `seat` (`seat_id`, `seat_column`, `seat_row`, `seat_type_id`, `airplane_id`) VALUES (165, 'A', 5, 1, 2);
INSERT INTO `seat` (`seat_id`, `seat_column`, `seat_row`, `seat_type_id`, `airplane_id`) VALUES (166, 'A', 9, 2, 2);
INSERT INTO `seat` (`seat_id`, `seat_column`, `seat_row`, `seat_type_id`, `airplane_id`) VALUES (167, 'A', 10, 2, 2);
INSERT INTO `seat` (`seat_id`, `seat_column`, `seat_row`, `seat_type_id`, `airplane_id`) VALUES (168, 'A', 11, 2, 2);
INSERT INTO `seat` (`seat_id`, `seat_column`, `seat_row`, `seat_type_id`, `airplane_id`) VALUES (169, 'A', 12, 2, 2);
INSERT INTO `seat` (`seat_id`, `seat_column`, `seat_row`, `seat_type_id`, `airplane_id`) VALUES (170, 'A', 13, 2, 2);
INSERT INTO `seat` (`seat_id`, `seat_column`, `seat_row`, `seat_type_id`, `airplane_id`) VALUES (171, 'A', 14, 2, 2);
INSERT INTO `seat` (`seat_id`, `seat_column`, `seat_row`, `seat_type_id`, `airplane_id`) VALUES (172, 'A', 18, 3, 2);
INSERT INTO `seat` (`seat_id`, `seat_column`, `seat_row`, `seat_type_id`, `airplane_id`) VALUES (173, 'A', 19, 3, 2);
INSERT INTO `seat` (`seat_id`, `seat_column`, `seat_row`, `seat_type_id`, `airplane_id`) VALUES (174, 'A', 20, 3, 2);
INSERT INTO `seat` (`seat_id`, `seat_column`, `seat_row`, `seat_type_id`, `airplane_id`) VALUES (175, 'A', 21, 3, 2);
INSERT INTO `seat` (`seat_id`, `seat_column`, `seat_row`, `seat_type_id`, `airplane_id`) VALUES (176, 'A', 22, 3, 2);
INSERT INTO `seat` (`seat_id`, `seat_column`, `seat_row`, `seat_type_id`, `airplane_id`) VALUES (177, 'A', 23, 3, 2);
INSERT INTO `seat` (`seat_id`, `seat_column`, `seat_row`, `seat_type_id`, `airplane_id`) VALUES (178, 'A', 24, 3, 2);
INSERT INTO `seat` (`seat_id`, `seat_column`, `seat_row`, `seat_type_id`, `airplane_id`) VALUES (179, 'A', 25, 3, 2);
INSERT INTO `seat` (`seat_id`, `seat_column`, `seat_row`, `seat_type_id`, `airplane_id`) VALUES (180, 'A', 26, 3, 2);
INSERT INTO `seat` (`seat_id`, `seat_column`, `seat_row`, `seat_type_id`, `airplane_id`) VALUES (181, 'A', 27, 3, 2);
INSERT INTO `seat` (`seat_id`, `seat_column`, `seat_row`, `seat_type_id`, `airplane_id`) VALUES (182, 'A', 28, 3, 2);
INSERT INTO `seat` (`seat_id`, `seat_column`, `seat_row`, `seat_type_id`, `airplane_id`) VALUES (183, 'A', 29, 3, 2);
INSERT INTO `seat` (`seat_id`, `seat_column`, `seat_row`, `seat_type_id`, `airplane_id`) VALUES (184, 'A', 30, 3, 2);
INSERT INTO `seat` (`seat_id`, `seat_column`, `seat_row`, `seat_type_id`, `airplane_id`) VALUES (185, 'A', 31, 3, 2);
INSERT INTO `seat` (`seat_id`, `seat_column`, `seat_row`, `seat_type_id`, `airplane_id`) VALUES (186, 'B', 9, 2, 2);
INSERT INTO `seat` (`seat_id`, `seat_column`, `seat_row`, `seat_type_id`, `airplane_id`) VALUES (187, 'B', 10, 2, 2);
INSERT INTO `seat` (`seat_id`, `seat_column`, `seat_row`, `seat_type_id`, `airplane_id`) VALUES (188, 'B', 11, 2, 2);
INSERT INTO `seat` (`seat_id`, `seat_column`, `seat_row`, `seat_type_id`, `airplane_id`) VALUES (189, 'B', 12, 2, 2);
INSERT INTO `seat` (`seat_id`, `seat_column`, `seat_row`, `seat_type_id`, `airplane_id`) VALUES (190, 'B', 13, 2, 2);
INSERT INTO `seat` (`seat_id`, `seat_column`, `seat_row`, `seat_type_id`, `airplane_id`) VALUES (191, 'B', 14, 2, 2);
INSERT INTO `seat` (`seat_id`, `seat_column`, `seat_row`, `seat_type_id`, `airplane_id`) VALUES (192, 'B', 18, 3, 2);
INSERT INTO `seat` (`seat_id`, `seat_column`, `seat_row`, `seat_type_id`, `airplane_id`) VALUES (193, 'B', 19, 3, 2);
INSERT INTO `seat` (`seat_id`, `seat_column`, `seat_row`, `seat_type_id`, `airplane_id`) VALUES (194, 'B', 20, 3, 2);
INSERT INTO `seat` (`seat_id`, `seat_column`, `seat_row`, `seat_type_id`, `airplane_id`) VALUES (195, 'B', 21, 3, 2);
INSERT INTO `seat` (`seat_id`, `seat_column`, `seat_row`, `seat_type_id`, `airplane_id`) VALUES (196, 'B', 22, 3, 2);
INSERT INTO `seat` (`seat_id`, `seat_column`, `seat_row`, `seat_type_id`, `airplane_id`) VALUES (197, 'B', 23, 3, 2);
INSERT INTO `seat` (`seat_id`, `seat_column`, `seat_row`, `seat_type_id`, `airplane_id`) VALUES (198, 'B', 24, 3, 2);
INSERT INTO `seat` (`seat_id`, `seat_column`, `seat_row`, `seat_type_id`, `airplane_id`) VALUES (199, 'B', 25, 3, 2);
INSERT INTO `seat` (`seat_id`, `seat_column`, `seat_row`, `seat_type_id`, `airplane_id`) VALUES (200, 'B', 26, 3, 2);
INSERT INTO `seat` (`seat_id`, `seat_column`, `seat_row`, `seat_type_id`, `airplane_id`) VALUES (201, 'B', 27, 3, 2);
INSERT INTO `seat` (`seat_id`, `seat_column`, `seat_row`, `seat_type_id`, `airplane_id`) VALUES (202, 'B', 28, 3, 2);
INSERT INTO `seat` (`seat_id`, `seat_column`, `seat_row`, `seat_type_id`, `airplane_id`) VALUES (203, 'B', 29, 3, 2);
INSERT INTO `seat` (`seat_id`, `seat_column`, `seat_row`, `seat_type_id`, `airplane_id`) VALUES (204, 'B', 30, 3, 2);
INSERT INTO `seat` (`seat_id`, `seat_column`, `seat_row`, `seat_type_id`, `airplane_id`) VALUES (205, 'B', 31, 3, 2);
INSERT INTO `seat` (`seat_id`, `seat_column`, `seat_row`, `seat_type_id`, `airplane_id`) VALUES (206, 'D', 9, 2, 2);
INSERT INTO `seat` (`seat_id`, `seat_column`, `seat_row`, `seat_type_id`, `airplane_id`) VALUES (207, 'D', 10, 2, 2);
INSERT INTO `seat` (`seat_id`, `seat_column`, `seat_row`, `seat_type_id`, `airplane_id`) VALUES (208, 'D', 11, 2, 2);
INSERT INTO `seat` (`seat_id`, `seat_column`, `seat_row`, `seat_type_id`, `airplane_id`) VALUES (209, 'D', 12, 2, 2);
INSERT INTO `seat` (`seat_id`, `seat_column`, `seat_row`, `seat_type_id`, `airplane_id`) VALUES (210, 'D', 13, 2, 2);
INSERT INTO `seat` (`seat_id`, `seat_column`, `seat_row`, `seat_type_id`, `airplane_id`) VALUES (211, 'D', 14, 2, 2);
INSERT INTO `seat` (`seat_id`, `seat_column`, `seat_row`, `seat_type_id`, `airplane_id`) VALUES (212, 'D', 18, 3, 2);
INSERT INTO `seat` (`seat_id`, `seat_column`, `seat_row`, `seat_type_id`, `airplane_id`) VALUES (213, 'D', 19, 3, 2);
INSERT INTO `seat` (`seat_id`, `seat_column`, `seat_row`, `seat_type_id`, `airplane_id`) VALUES (214, 'D', 20, 3, 2);
INSERT INTO `seat` (`seat_id`, `seat_column`, `seat_row`, `seat_type_id`, `airplane_id`) VALUES (215, 'D', 21, 3, 2);
INSERT INTO `seat` (`seat_id`, `seat_column`, `seat_row`, `seat_type_id`, `airplane_id`) VALUES (216, 'D', 22, 3, 2);
INSERT INTO `seat` (`seat_id`, `seat_column`, `seat_row`, `seat_type_id`, `airplane_id`) VALUES (217, 'D', 23, 3, 2);
INSERT INTO `seat` (`seat_id`, `seat_column`, `seat_row`, `seat_type_id`, `airplane_id`) VALUES (218, 'D', 24, 3, 2);
INSERT INTO `seat` (`seat_id`, `seat_column`, `seat_row`, `seat_type_id`, `airplane_id`) VALUES (219, 'D', 25, 3, 2);
INSERT INTO `seat` (`seat_id`, `seat_column`, `seat_row`, `seat_type_id`, `airplane_id`) VALUES (220, 'D', 26, 3, 2);
INSERT INTO `seat` (`seat_id`, `seat_column`, `seat_row`, `seat_type_id`, `airplane_id`) VALUES (221, 'D', 27, 3, 2);
INSERT INTO `seat` (`seat_id`, `seat_column`, `seat_row`, `seat_type_id`, `airplane_id`) VALUES (222, 'D', 28, 3, 2);
INSERT INTO `seat` (`seat_id`, `seat_column`, `seat_row`, `seat_type_id`, `airplane_id`) VALUES (223, 'D', 29, 3, 2);
INSERT INTO `seat` (`seat_id`, `seat_column`, `seat_row`, `seat_type_id`, `airplane_id`) VALUES (224, 'D', 30, 3, 2);
INSERT INTO `seat` (`seat_id`, `seat_column`, `seat_row`, `seat_type_id`, `airplane_id`) VALUES (225, 'D', 31, 3, 2);
INSERT INTO `seat` (`seat_id`, `seat_column`, `seat_row`, `seat_type_id`, `airplane_id`) VALUES (226, 'E', 1, 1, 2);
INSERT INTO `seat` (`seat_id`, `seat_column`, `seat_row`, `seat_type_id`, `airplane_id`) VALUES (227, 'E', 2, 1, 2);
INSERT INTO `seat` (`seat_id`, `seat_column`, `seat_row`, `seat_type_id`, `airplane_id`) VALUES (228, 'E', 3, 1, 2);
INSERT INTO `seat` (`seat_id`, `seat_column`, `seat_row`, `seat_type_id`, `airplane_id`) VALUES (229, 'E', 4, 1, 2);
INSERT INTO `seat` (`seat_id`, `seat_column`, `seat_row`, `seat_type_id`, `airplane_id`) VALUES (230, 'E', 5, 1, 2);
INSERT INTO `seat` (`seat_id`, `seat_column`, `seat_row`, `seat_type_id`, `airplane_id`) VALUES (231, 'E', 9, 2, 2);
INSERT INTO `seat` (`seat_id`, `seat_column`, `seat_row`, `seat_type_id`, `airplane_id`) VALUES (232, 'E', 10, 2, 2);
INSERT INTO `seat` (`seat_id`, `seat_column`, `seat_row`, `seat_type_id`, `airplane_id`) VALUES (233, 'E', 11, 2, 2);
INSERT INTO `seat` (`seat_id`, `seat_column`, `seat_row`, `seat_type_id`, `airplane_id`) VALUES (234, 'E', 12, 2, 2);
INSERT INTO `seat` (`seat_id`, `seat_column`, `seat_row`, `seat_type_id`, `airplane_id`) VALUES (235, 'E', 13, 2, 2);
INSERT INTO `seat` (`seat_id`, `seat_column`, `seat_row`, `seat_type_id`, `airplane_id`) VALUES (236, 'E', 14, 2, 2);
INSERT INTO `seat` (`seat_id`, `seat_column`, `seat_row`, `seat_type_id`, `airplane_id`) VALUES (237, 'E', 18, 3, 2);
INSERT INTO `seat` (`seat_id`, `seat_column`, `seat_row`, `seat_type_id`, `airplane_id`) VALUES (238, 'E', 19, 3, 2);
INSERT INTO `seat` (`seat_id`, `seat_column`, `seat_row`, `seat_type_id`, `airplane_id`) VALUES (239, 'E', 20, 3, 2);
INSERT INTO `seat` (`seat_id`, `seat_column`, `seat_row`, `seat_type_id`, `airplane_id`) VALUES (240, 'E', 21, 3, 2);
INSERT INTO `seat` (`seat_id`, `seat_column`, `seat_row`, `seat_type_id`, `airplane_id`) VALUES (241, 'E', 22, 3, 2);
INSERT INTO `seat` (`seat_id`, `seat_column`, `seat_row`, `seat_type_id`, `airplane_id`) VALUES (242, 'E', 23, 3, 2);
INSERT INTO `seat` (`seat_id`, `seat_column`, `seat_row`, `seat_type_id`, `airplane_id`) VALUES (243, 'E', 24, 3, 2);
INSERT INTO `seat` (`seat_id`, `seat_column`, `seat_row`, `seat_type_id`, `airplane_id`) VALUES (244, 'E', 25, 3, 2);
INSERT INTO `seat` (`seat_id`, `seat_column`, `seat_row`, `seat_type_id`, `airplane_id`) VALUES (245, 'E', 26, 3, 2);
INSERT INTO `seat` (`seat_id`, `seat_column`, `seat_row`, `seat_type_id`, `airplane_id`) VALUES (246, 'E', 27, 3, 2);
INSERT INTO `seat` (`seat_id`, `seat_column`, `seat_row`, `seat_type_id`, `airplane_id`) VALUES (247, 'E', 28, 3, 2);
INSERT INTO `seat` (`seat_id`, `seat_column`, `seat_row`, `seat_type_id`, `airplane_id`) VALUES (248, 'E', 29, 3, 2);
INSERT INTO `seat` (`seat_id`, `seat_column`, `seat_row`, `seat_type_id`, `airplane_id`) VALUES (249, 'E', 30, 3, 2);
INSERT INTO `seat` (`seat_id`, `seat_column`, `seat_row`, `seat_type_id`, `airplane_id`) VALUES (250, 'E', 31, 3, 2);
INSERT INTO `seat` (`seat_id`, `seat_column`, `seat_row`, `seat_type_id`, `airplane_id`) VALUES (251, 'F', 9, 2, 2);
INSERT INTO `seat` (`seat_id`, `seat_column`, `seat_row`, `seat_type_id`, `airplane_id`) VALUES (252, 'F', 10, 2, 2);
INSERT INTO `seat` (`seat_id`, `seat_column`, `seat_row`, `seat_type_id`, `airplane_id`) VALUES (253, 'F', 11, 2, 2);
INSERT INTO `seat` (`seat_id`, `seat_column`, `seat_row`, `seat_type_id`, `airplane_id`) VALUES (254, 'F', 12, 2, 2);
INSERT INTO `seat` (`seat_id`, `seat_column`, `seat_row`, `seat_type_id`, `airplane_id`) VALUES (255, 'F', 13, 2, 2);
INSERT INTO `seat` (`seat_id`, `seat_column`, `seat_row`, `seat_type_id`, `airplane_id`) VALUES (256, 'F', 14, 2, 2);
INSERT INTO `seat` (`seat_id`, `seat_column`, `seat_row`, `seat_type_id`, `airplane_id`) VALUES (257, 'F', 18, 3, 2);
INSERT INTO `seat` (`seat_id`, `seat_column`, `seat_row`, `seat_type_id`, `airplane_id`) VALUES (258, 'F', 19, 3, 2);
INSERT INTO `seat` (`seat_id`, `seat_column`, `seat_row`, `seat_type_id`, `airplane_id`) VALUES (259, 'F', 20, 3, 2);
INSERT INTO `seat` (`seat_id`, `seat_column`, `seat_row`, `seat_type_id`, `airplane_id`) VALUES (260, 'F', 21, 3, 2);
INSERT INTO `seat` (`seat_id`, `seat_column`, `seat_row`, `seat_type_id`, `airplane_id`) VALUES (261, 'F', 22, 3, 2);
INSERT INTO `seat` (`seat_id`, `seat_column`, `seat_row`, `seat_type_id`, `airplane_id`) VALUES (262, 'F', 23, 3, 2);
INSERT INTO `seat` (`seat_id`, `seat_column`, `seat_row`, `seat_type_id`, `airplane_id`) VALUES (263, 'F', 24, 3, 2);
INSERT INTO `seat` (`seat_id`, `seat_column`, `seat_row`, `seat_type_id`, `airplane_id`) VALUES (264, 'F', 25, 3, 2);
INSERT INTO `seat` (`seat_id`, `seat_column`, `seat_row`, `seat_type_id`, `airplane_id`) VALUES (265, 'F', 26, 3, 2);
INSERT INTO `seat` (`seat_id`, `seat_column`, `seat_row`, `seat_type_id`, `airplane_id`) VALUES (266, 'F', 27, 3, 2);
INSERT INTO `seat` (`seat_id`, `seat_column`, `seat_row`, `seat_type_id`, `airplane_id`) VALUES (267, 'F', 28, 3, 2);
INSERT INTO `seat` (`seat_id`, `seat_column`, `seat_row`, `seat_type_id`, `airplane_id`) VALUES (268, 'F', 29, 3, 2);
INSERT INTO `seat` (`seat_id`, `seat_column`, `seat_row`, `seat_type_id`, `airplane_id`) VALUES (269, 'F', 30, 3, 2);
INSERT INTO `seat` (`seat_id`, `seat_column`, `seat_row`, `seat_type_id`, `airplane_id`) VALUES (270, 'F', 31, 3, 2);
INSERT INTO `seat` (`seat_id`, `seat_column`, `seat_row`, `seat_type_id`, `airplane_id`) VALUES (271, 'H', 9, 2, 2);
INSERT INTO `seat` (`seat_id`, `seat_column`, `seat_row`, `seat_type_id`, `airplane_id`) VALUES (272, 'H', 10, 2, 2);
INSERT INTO `seat` (`seat_id`, `seat_column`, `seat_row`, `seat_type_id`, `airplane_id`) VALUES (273, 'H', 11, 2, 2);
INSERT INTO `seat` (`seat_id`, `seat_column`, `seat_row`, `seat_type_id`, `airplane_id`) VALUES (274, 'H', 12, 2, 2);
INSERT INTO `seat` (`seat_id`, `seat_column`, `seat_row`, `seat_type_id`, `airplane_id`) VALUES (275, 'H', 13, 2, 2);
INSERT INTO `seat` (`seat_id`, `seat_column`, `seat_row`, `seat_type_id`, `airplane_id`) VALUES (276, 'H', 14, 2, 2);
INSERT INTO `seat` (`seat_id`, `seat_column`, `seat_row`, `seat_type_id`, `airplane_id`) VALUES (277, 'H', 18, 3, 2);
INSERT INTO `seat` (`seat_id`, `seat_column`, `seat_row`, `seat_type_id`, `airplane_id`) VALUES (278, 'H', 19, 3, 2);
INSERT INTO `seat` (`seat_id`, `seat_column`, `seat_row`, `seat_type_id`, `airplane_id`) VALUES (279, 'H', 20, 3, 2);
INSERT INTO `seat` (`seat_id`, `seat_column`, `seat_row`, `seat_type_id`, `airplane_id`) VALUES (280, 'H', 21, 3, 2);
INSERT INTO `seat` (`seat_id`, `seat_column`, `seat_row`, `seat_type_id`, `airplane_id`) VALUES (281, 'H', 22, 3, 2);
INSERT INTO `seat` (`seat_id`, `seat_column`, `seat_row`, `seat_type_id`, `airplane_id`) VALUES (282, 'H', 23, 3, 2);
INSERT INTO `seat` (`seat_id`, `seat_column`, `seat_row`, `seat_type_id`, `airplane_id`) VALUES (283, 'H', 24, 3, 2);
INSERT INTO `seat` (`seat_id`, `seat_column`, `seat_row`, `seat_type_id`, `airplane_id`) VALUES (284, 'H', 25, 3, 2);
INSERT INTO `seat` (`seat_id`, `seat_column`, `seat_row`, `seat_type_id`, `airplane_id`) VALUES (285, 'H', 26, 3, 2);
INSERT INTO `seat` (`seat_id`, `seat_column`, `seat_row`, `seat_type_id`, `airplane_id`) VALUES (286, 'H', 27, 3, 2);
INSERT INTO `seat` (`seat_id`, `seat_column`, `seat_row`, `seat_type_id`, `airplane_id`) VALUES (287, 'H', 28, 3, 2);
INSERT INTO `seat` (`seat_id`, `seat_column`, `seat_row`, `seat_type_id`, `airplane_id`) VALUES (288, 'H', 29, 3, 2);
INSERT INTO `seat` (`seat_id`, `seat_column`, `seat_row`, `seat_type_id`, `airplane_id`) VALUES (289, 'H', 30, 3, 2);
INSERT INTO `seat` (`seat_id`, `seat_column`, `seat_row`, `seat_type_id`, `airplane_id`) VALUES (290, 'H', 31, 3, 2);
INSERT INTO `seat` (`seat_id`, `seat_column`, `seat_row`, `seat_type_id`, `airplane_id`) VALUES (291, 'I', 1, 1, 2);
INSERT INTO `seat` (`seat_id`, `seat_column`, `seat_row`, `seat_type_id`, `airplane_id`) VALUES (292, 'I', 2, 1, 2);
INSERT INTO `seat` (`seat_id`, `seat_column`, `seat_row`, `seat_type_id`, `airplane_id`) VALUES (293, 'I', 3, 1, 2);
INSERT INTO `seat` (`seat_id`, `seat_column`, `seat_row`, `seat_type_id`, `airplane_id`) VALUES (294, 'I', 4, 1, 2);
INSERT INTO `seat` (`seat_id`, `seat_column`, `seat_row`, `seat_type_id`, `airplane_id`) VALUES (295, 'I', 5, 1, 2);
INSERT INTO `seat` (`seat_id`, `seat_column`, `seat_row`, `seat_type_id`, `airplane_id`) VALUES (296, 'I', 9, 2, 2);
INSERT INTO `seat` (`seat_id`, `seat_column`, `seat_row`, `seat_type_id`, `airplane_id`) VALUES (297, 'I', 10, 2, 2);
INSERT INTO `seat` (`seat_id`, `seat_column`, `seat_row`, `seat_type_id`, `airplane_id`) VALUES (298, 'I', 11, 2, 2);
INSERT INTO `seat` (`seat_id`, `seat_column`, `seat_row`, `seat_type_id`, `airplane_id`) VALUES (299, 'I', 12, 2, 2);
INSERT INTO `seat` (`seat_id`, `seat_column`, `seat_row`, `seat_type_id`, `airplane_id`) VALUES (300, 'I', 13, 2, 2);
INSERT INTO `seat` (`seat_id`, `seat_column`, `seat_row`, `seat_type_id`, `airplane_id`) VALUES (301, 'I', 14, 2, 2);
INSERT INTO `seat` (`seat_id`, `seat_column`, `seat_row`, `seat_type_id`, `airplane_id`) VALUES (302, 'I', 18, 3, 2);
INSERT INTO `seat` (`seat_id`, `seat_column`, `seat_row`, `seat_type_id`, `airplane_id`) VALUES (303, 'I', 19, 3, 2);
INSERT INTO `seat` (`seat_id`, `seat_column`, `seat_row`, `seat_type_id`, `airplane_id`) VALUES (304, 'I', 20, 3, 2);
INSERT INTO `seat` (`seat_id`, `seat_column`, `seat_row`, `seat_type_id`, `airplane_id`) VALUES (305, 'I', 21, 3, 2);
INSERT INTO `seat` (`seat_id`, `seat_column`, `seat_row`, `seat_type_id`, `airplane_id`) VALUES (306, 'I', 22, 3, 2);
INSERT INTO `seat` (`seat_id`, `seat_column`, `seat_row`, `seat_type_id`, `airplane_id`) VALUES (307, 'I', 23, 3, 2);
INSERT INTO `seat` (`seat_id`, `seat_column`, `seat_row`, `seat_type_id`, `airplane_id`) VALUES (308, 'I', 24, 3, 2);
INSERT INTO `seat` (`seat_id`, `seat_column`, `seat_row`, `seat_type_id`, `airplane_id`) VALUES (309, 'I', 25, 3, 2);
INSERT INTO `seat` (`seat_id`, `seat_column`, `seat_row`, `seat_type_id`, `airplane_id`) VALUES (310, 'I', 26, 3, 2);
INSERT INTO `seat` (`seat_id`, `seat_column`, `seat_row`, `seat_type_id`, `airplane_id`) VALUES (311, 'I', 27, 3, 2);
INSERT INTO `seat` (`seat_id`, `seat_column`, `seat_row`, `seat_type_id`, `airplane_id`) VALUES (312, 'I', 28, 3, 2);
INSERT INTO `seat` (`seat_id`, `seat_column`, `seat_row`, `seat_type_id`, `airplane_id`) VALUES (313, 'I', 29, 3, 2);
INSERT INTO `seat` (`seat_id`, `seat_column`, `seat_row`, `seat_type_id`, `airplane_id`) VALUES (314, 'I', 30, 3, 2);
INSERT INTO `seat` (`seat_id`, `seat_column`, `seat_row`, `seat_type_id`, `airplane_id`) VALUES (315, 'I', 31, 3, 2);
COMMIT;

-- ----------------------------
-- Table structure for seat_type
-- ----------------------------
DROP TABLE IF EXISTS `seat_type`;
CREATE TABLE `seat_type` (
  `seat_type_id` int NOT NULL AUTO_INCREMENT COMMENT 'Identificador de la tabla',
  `name` varchar(255) NOT NULL COMMENT 'Nombre del tipo de asiento',
  PRIMARY KEY (`seat_type_id`)
) ENGINE=InnoDB AUTO_INCREMENT=4 DEFAULT CHARSET=utf8mb4 COLLATE=utf8mb4_general_ci;

-- ----------------------------
-- Records of seat_type
-- ----------------------------
BEGIN;
INSERT INTO `seat_type` (`seat_type_id`, `name`) VALUES (1, 'Primera clase');
INSERT INTO `seat_type` (`seat_type_id`, `name`) VALUES (2, 'Clase económica premium');
INSERT INTO `seat_type` (`seat_type_id`, `name`) VALUES (3, 'Clase económica');
COMMIT;

SET FOREIGN_KEY_CHECKS = 1;
